id,data,hora,autor,seguidores,titulo,likes,conteudo,replicas,categoria,ente,teoria,conflito,imagem
id_01,10/12/2025,,brasileiro__exe,11700,2026 tem elei√ßoes,,"Ilustra√ß√£o caricatural de um homem negro, com tra√ßos faciais exagerados, segurando um cart√£o do programa Bolsa Fam√≠lia. A cabe√ßa aparece aberta, como um esquema cerebral, com areas nomeadas:
‚ÄúCervejinha‚Äù
‚ÄúFutebol‚Äù
‚ÄúLevar vantagem‚Äù
‚ÄúFunk/Pagode‚Äù
‚ÄúPegar mule‚Äù","Cervejinha, pagodinho, mulher e futebol quando √© em outras culturas (a italiana por exemplo), ai √© considerado chique. Aqui √© chamam de representa√ß√£o do Bostil. / E o voto tem o mesmo valor que o seu! Bom dia! / 80% dos brasileiros todo final de semana / S√≥ deveria votar quem de fato contribu√≠ / Aqui na Bahia √© em cada esquina um desses / Bicho, se esses bostileiros fossem ignorantes e incultos sem ter o direito ao voto e nem direito √† aux√≠lio pago por n√≥s, estaria tranquilo! O problema √© que al√©m da gente sustentar esses infelizes, eles tamb√©m s√£o os que escolhem quem ser√£o os governantes! /                                                                            Porque ele √© branco? Escurece ele mais / E eles que escolhem os governantes ainda. Bela democracia kkkkkkkkkkkkkk / Achei meio racista esse desenho, queria comentar. / N√£o d√° pra dizer que o chimpanzeiro tem a cabe√ßa vazia
",Infrahumaniza√ß√£o                                                           ,Brasileiro - classe popular,implicita_essencialista,Sim,Charge
id_02,10/12/2025,,mortoon_oficial,9606,MORtoon - Congresso de ratos,698,Charge comparando os pol√≠ticos brasileiros do Congresso Nacional aos ratos,"hashtags como #piorcongressodahistoriadopa√≠s
#congressoinimigodopovo
#forahugomotta ",Desumaniza√ß√£o,Congresso Nacional,animaliza√ß√£o,Sim,Charge
id_03,11/12/2025,,o_capirotinho,318000,Vermes.,18465,Charge que diz que o Congresso Nacional funcionando de madrugada √© um banquete dos vermes ,hashtags como #congressoinimigodopovo,Desumaniza√ß√£o,Congresso Nacional,animaliza√ß√£o,Sim,Charge
id_04,23/08/2025,,slaoq6390,2624,Filho de anjo e dem√¥nio,216569,Um v√≠deo que diz que a pessoa do v√≠deo √© filha de pai europeu e m√£e nordestina,"Coment√°rios que falam de descend√™ncia e associam esse nascimento do v√≠deo ao ""Anti-cristo""",Infrahumaniza√ß√£o,Nordestino,implicita_essencialista,Sim,Met√°fora moral
id_05,10/12/2025,,delfino.luizcarlos,883,Estes seres merecem ser respeitados. Quem? Os Ratos.,32,Charge que diz que os ratos merecem respeito e n√£o deviam ser comparados aos politicos do congresso brasileiro,,Desumaniza√ß√£o,Congresso Nacional,animaliza√ß√£o,Sim,Charge
id_06,10/12/2025,,esquerdaverde,252000,DOSIMETRIA √â COISA DE RATOS! CONGRESSO INIMIGO DO POVO,69036,Charge que trata a dosimetria como se fosse coisa de ratos,"Coment√°rios incentivando a mobiliza√ß√£o nas ruas e coisas como ""sem anistia"", hashtags associadas a revolta com o Congresso",Desumaniza√ß√£o,Congresso Nacional,animaliza√ß√£o,Sim,Charge
id_07,13/12/2025,,anoticiadoceara,128000,Vereadora celebra entrega de tambor de lixo e gera repercuss√£o,27371,"Not√≠cia acerca da vereadora Maninha do Hospital (MDB), do munic√≠pio de Barreira (CE), que aparece ao lado de uma moradora comemorando a entrega de um ‚Äútambor de lixo‚Äù na localidade de Bom Sucesso. A cena √© descrita como ‚Äúinusitada‚Äù e passou a ser amplamente ironizada, dividindo opini√µes entre usu√°rios e agentes pol√≠ticos locais.","Coment√°rios satirizando a entrega, e comparando esse ato com uma esp√©cie de migalhas que s√£o aceitas pela popula√ß√£o. ""O Brasil que deu certo"", ""o tambor representa o voto dela"", ""o povo merece, parab√©ns pela conquista""",Infrahumaniza√ß√£o,Moradores de comunidades perif√©ricas,paternalismo,Sim,V√≠deo de um registro pol√≠tico
id_08,15/12/2025,,_simone_witte,5793,"Quem com PORCOS se junta, FARELO come!",16,"Not√≠cia de que o SBT viveu um ""s√°bado para esquecer"", com pior IBOPE em quatro d√©cadas. O enunciado utiliza um prov√©rbio popular com met√°fora animalizante, associando um grupo pol√≠tico (‚Äúesquerdistas‚Äù) a porcos e a algo degradado (‚Äúfarelo‚Äù).",Quem lacra n√£o lucra / Faz o L,Desumaniza√ß√£o,SBT/esquerdistas,animaliza√ß√£o,Sim,Met√°fora animalizante
id_09,11/12/2025,,alexisfonteyne30,64600,"Quem vende a sua dignidade e liberdade por um bocado de ‚Äúbenef√≠cio‚Äù do Estado, merece viver na mis√©ria do Populismo.",2616,"Publica√ß√£o de cunho pol√≠tico que associa o recebimento de benef√≠cios √† compra de votos, caracterizando eleitores como moralmente culpados por sua condi√ß√£o socioecon√¥mica.",Pergunte quantas dessas pessoas sa√≠ram da pobreza por conta dessa medidas: 0 . Perfeito!!!! Mudar essa cultura mudaria tudo! / 2027 o pa√≠s quebra. Tudo vindo do dinheiro p√∫blico em prol de votos,Infrahumaniza√ß√£o,Popula√ß√£o pobre,causalidade moralizante,Sim,Populismo/moralismo
id_10,15/11/2025,,deborapsol,21700,Padre invade ritual de matriz africana e profere ofensa racista,1414,"Publica√ß√£o que relata a invas√£o de um ritual de matriz africana por um padre em Praia Grande, com ofensa racista ao l√≠der religioso",Coment√°rios criticando a atitude do padre e repudiando a intoler√¢ncia religiosa,Desumaniza√ß√£o,Praticantes da religi√£o de matriz africana,animaliza√ß√£o,Sim,Imagem animalizante racial
id_11,16/12/2025,,diariodoporto,77200,"Racismo no col√©gio Dom Pedro II: aluno foi chamado de macaco por colegas de turma diversas vezes, denuncia m√£e",1491,"Publica√ß√£o que relata ataques racistas repetidos contra um aluno de 12 anos do Col√©gio Pedro II, incluindo ofensas de cunho racial, o sil√™ncio da v√≠tima por medo, a indigna√ß√£o da fam√≠lia diante da falta inicial de puni√ß√µes e a nota oficial da escola informando a abertura de procedimentos de apura√ß√£o e reafirmando o compromisso com o combate ao racismo.","Coment√°rios lamentando o ocorrido, e pedindo a expuls√£o dos alunos que foram racistas ",Desumaniza√ß√£o,Crian√ßa negra,animaliza√ß√£o,Sim,Imagem simb√≥lica de animaliza√ß√£o racial
id_12,16/12/2025,,vasconcelopinheiro,2452,Post associa advers√°rio pol√≠tico a figura demon√≠aca em disputa eleitoral,1,"Publica√ß√£o de cunho pol√≠tico que celebra o resultado eleitoral no Chile e projeta cen√°rio semelhante para o Brasil, utilizando linguagem religiosa e moralizante ao associar o comunismo e o Partido dos Trabalhadores a figuras demon√≠acas. O texto apresenta dados de pesquisa eleitoral de segundo turno",,Desumaniza√ß√£o,Partido dos trabalhadores (PT),demoniza√ß√£o,Sim,Imagem de demoniza√ß√£o pol√≠tica
id_13,16/12/2025,12:24,cidadenalente,263,ATEN√á√ÉO! Nova ordem emitida ao Jument0 Tele-guiado: Hora de amar o STB!,,"Post de cunho pol√≠tico que utiliza linguagem ofensiva e metaf√≥rica para associar eleitores do Partido dos Trabalhadores a um animal, retratando-os como indiv√≠duos irracionais e manipul√°veis. 
",,Desumaniza√ß√£o,Eleitores do Partido dos Trabalhadores (PT),animaliza√ß√£o,Sim,Met√°fora animalizante
id_14,04/01/2026,,ribeiro_lia,85600,Querem invas√£o dos EUA no Brasil!,49,"Post de cunho pol√≠tico que defende a interven√ß√£o militar dos Estados Unidos no Brasil e utiliza linguagem ofensiva para desqualificar opositores pol√≠ticos, especialmente associados √† esquerda. O post recorre a met√°foras animais e termos depreciativos, como ‚Äúburro‚Äù, ‚Äúasnos‚Äù e ‚Äújumentos‚Äù, al√©m de associar o grupo-alvo √† ignor√¢ncia e √† incapacidade cognitiva","J√° oraram pra pneu hoje?, al√©m de emojis de risadas",Desumaniza√ß√£o,Grupo pol√≠tico da esquerda brasileira,animaliza√ß√£o,Sim,Charge
id_15,23/12/2025,,keylashirlaine_ofc,166000,Modelo exclusivo para jumentos ,390,"V√≠deo que satiriza o uso de havaianas por parte dos brasileiros de esquerda, chamados no v√≠deo de ""Comunistas"", e os compara aos jumentos.",Coment√°rios com emojis de risos,Desumaniza√ß√£o,Grupo pol√≠tico da esquerda brasileira,animaliza√ß√£o,Sim,V√≠deo produzido por IA
id_16,04/01/2026,21:10,fabio_soares76,1442,Tem que ser muito BURRO pra cair neste mar f√©tido de DESINFORMA√á√ÉO da Globo.,18,"Post que critica o programa Fant√°stico e a cobertura da Rede Globo sobre a Venezuela, acusando o ve√≠culo de desinforma√ß√£o e alinhamento pol√≠tico. O post utiliza linguagem ofensiva e desumanizante, chamando jornalistas e cr√≠ticos de ‚Äúburros‚Äù, ‚Äújumentos‚Äù e ‚Äúvermes‚Äù",Me recuso a assistir isso hj... sem est√¥mago,Desumaniza√ß√£o,Jornalistas da Rede Globo/ m√≠dia,animaliza√ß√£o,Sim,Tweet
id_17,09/10/2025,,campos_de_direita,3482,Am√©m,19,"Publica√ß√£o que compara Lula ao ""capeta"", e satiriza o m√™s de outubro como outubro violeta",Am√©m,Desumaniza√ß√£o e demoniza√ß√£o,O presidente Lula,essencializa√ß√£o religiosa,Sim,Imagem de demoniza√ß√£o pol√≠tica
id_18,04/01/2026,,campos_de_direita,3482,Jumentos!,85,"Post que critica a esquerda brasileira, em um teor ofensivo, a chama de nojenta. O autor sugere que a Venezuela estaria comemorando a captura de Maduro, e a esquerda brasileira estaria triste. Por fim, chama esse povo de rid√≠culo.","Est√£o preocupados com as drogas e a participa√ß√£o dos lucros do narcotr√°fico, que a pol√≠tica de esquerda brasileira sempre esteve envolvida n√£o √© segredo pra ningu√©m! / Eu fiz um coment√°rio em algum insta e vieram de bixo emcima falando merda. Tudo esquerda com certeza",Desumaniza√ß√£o,Grupo pol√≠tico da esquerda brasileira,animaliza√ß√£o,Sim,Imagem de degrada√ß√£o moral
id_19,05/01/2026,10:30,anaodiplomatico,48200,OS JUMENTOS VAO INVADIR O MUNDO,69,"Publica√ß√£o feita por IA que sugere que Lula e Nicol√°s Maduro ir√£o invadir o mundo com um ex√©rcito de jumentos, abra√ßados",Quero ver petista chorando procurando maduro e Lulu / Dois corruptos ladr√µes,Desumaniza√ß√£o,Grupo pol√≠tico da esquerda brasileira e os presidentes Lula e Nicol√°s Maduro,animaliza√ß√£o,Sim,Imagem feita por IA com met√°fora animal
id_20,02/12/2025,,felinosemfiltro,60000,A tua piscina est√° cheia de ratos,38727,"Cr√≠tica ao Congresso, descrito como inimigo do povo, corrupto, descomprometido com a popula√ß√£o e moralmente indigno.","O CONGRESSO EST√Å NECESSITANDO DE UMA DESRATIZA√á√ÉO/  E at√© quando vamos permitir que eles suguem o nosso sangue? / Musica na poderia ser melhor. O golpe continua. Enfraquecendo os poderes, brindando deputados condenados , buscando anistia para dizer..",Desumaniza√ß√£o,Congresso Nacional,animaliza√ß√£o,Sim,Imagem pol√≠tica
id_21,06/01/2026,,wellington_yunes,905,Lixo Humano‚Ä¶ se √© que pode ser considerado humano esse filho do capeta.,21,"Post acusa esquerda de incoer√™ncia pol√≠tica ao exigir a pris√£o de Bolsnaro por tentativa de golpe, mas defende a liberdade de Nicol√°s Maduro",C√©rebro invertido! Nova S√≠ndrome üòÇ,Desumaniza√ß√£o,Nicol√°s Maduro,essencializa√ß√£o e demoniza√ß√£o,Sim,Imagem pol√≠tica
id_22,05/01/2026,,rithi_souza,31800,"Meu nome √© Rithiele Souza. Torno p√∫blico este print para denunciar um epis√≥dio de racismo cometido por um bombeiro militar, que fez coment√°rios ofensivos e discriminat√≥rios a meu respeito em um grupo de mensagens.",16720,"Den√∫ncia de epis√≥dio de racismo cometido por um bombeiro militar contra uma m√©dica negra, envolvendo coment√°rios ofensivos e discriminat√≥rios em mensagens privadas","Agora imagine esse cara precisar ser atendido por voc√™ e a vida dele em suas m√£os? Eu s√≥ consigo pensar nisso‚Ä¶ segue firme, Dra. A gente precisa de voc√™ dando carteirada mesmo / N√£o esconde o cara n√£o, posta pra td mundo ver a foto."" / ""J√° que n√£o d√° pra colocar fogo, que sejam processados e paguem caro por isso. / Ele n√£o gosta de nordestino, e tem sotaque de nordestino .",Desumaniza√ß√£o,Mulher negra,animaliza√ß√£o,Sim,Relato pessoal com den√∫ncia p√∫blica
id_23,17/07/2025,,marceloeustaquio399,376,Por isso sou anti essa ra√ßa do dem√¥nio PT,,"Publica√ß√£o pol√≠tica que compara dados econ√¥micos de governos distintos e utiliza linguagem de ataque ideol√≥gico extremo, al√©m de usar de uma associa√ß√£o demonizante ao se referir ao PT",,Desumaniza√ß√£o,Partido dos trabalhadores (PT) e militantes petistas,demoniza√ß√£o,Sim,Imagem pol√≠tica
id_24,04/01/2026,,rodriguespaulomarcelo,1950,Hip√≥critas nojentos,6,"Publica√ß√£o que diz que a esquerda √© incoerente ao exigir a pris√£o de Bolsnaro por tentativa de golpe, mas defende a liberdade de Nicol√°s Maduro. Por fim, chama a esquerda de hip√≥crita e nojenta",,Infrahumaniza√ß√£o,Grupo pol√≠tico da esquerda,essencializa√ß√£o,Sim,Imagem pol√≠tica
id_25,04/01/2026,,zznigri,2247,"Hipocritas , nojentos , sofreram lavagem cerebral nas faculdades e hoje defecam com os dedos !!!",45,Post que considera a esquerda pol√≠tica hip√≥crita e nojenta por condenarem o sequestro de Nicol√°s Maduro,"Absurdo , mas eu consigo ver algo de bom nisso, se algu√©m √© capaz de defender, hamas, maduro e pt, essas pessoas nao servem para estar no nosso meio, abs / Nem no nosso mundo se √© que vc me entende./ Miser√°veis",Infrahumaniza√ß√£o,Grupo pol√≠tico da esquerda,essencializa√ß√£o,Sim,Post de cunho pol√≠tico
id_26,02/11/2022,,direitafederativa,13100,Nine pig se espojando!,,"Charge que coloca o presidente Lula como um porco, e que satiriza sua fala ao dizer que ele iria devolver a democracia para o Brasil ",,Desumaniza√ß√£o,O presidente Lula,animaliza√ß√£o,Sim,Charge
id_27,28/03/2020,,sagradofalandodeaxe,37900,E agora depois disso os vermes ainda estar√£o roubando mais e mais. A corrup√ß√£o nunca acabar√°!!!!!,39,Publica√ß√£o que critica a corrup√ß√£o pol√≠tica ao trazer uma frase reflexiva como ponto de debate,,Desumaniza√ß√£o,Pol√≠ticos,animaliza√ß√£o,Sim,Post de cunho pol√≠tico
id_28,13/08/2015,,zonacountry,121000,Esse √© o retrato da pol√≠tica brasileira hoje,264,"Charge que representa diversos partidos pol√≠ticos (PT, PMDB, PSDB, DEM, PP, PDT, PR) como porcos disputando comida em um cocho, acompanhada do texto: ‚ÄúComo voc√™ sabe quem √© governo e quem √© oposi√ß√£o?‚Äù / ‚ÄúN√£o preciso saber, o cocho onde eles comem √© um s√≥‚Äù.",Verdade,Desumaniza√ß√£o,Classe pol√≠tica brasileira,animaliza√ß√£o,Sim,Charge
id_29,26/08/2020,,fantonimarcioluis,365,#lixopol√≠tico,5,Post que considera os ex-membros do partido de Jair Bolsonaro como traidores e lixos pol√≠ticos por deixarem de apoiar Bolsonaro,,Desumaniza√ß√£o,Pol√≠ticos,impl√≠cita_moral,Sim,Imagem pol√≠tica
id_30,01/06/2021,,marciorrrangel,1010,pol√≠tico dentro de uma caixa de lixo,16,Charge que representa pol√≠ticos sendo jogados dentro de uma lata de lixo por uma multid√£o. O texto sugere a ideia de descartar a classe pol√≠tica como lixo ,amei,Desumaniza√ß√£o,Grupo pol√≠tico,impl√≠cita_moral,Sim,Charge
id_31,18/07/2021,,zazacq,1092,O capeta de 9 dedos quer sua alma por isso comprou √† Foice de SP e ao Partido Pol√≠tico STF .,1,"Post que coloca Lula como um ""capeta"" , e que trata ele como se ele fosse um dem√¥nio, mentiroso e ladr√£o que quer roubar a alma dos eleitores brasileiros",,Desumaniza√ß√£o,O presidente Lula,demoniza√ß√£o,Sim,Imagem pol√≠tica
id_32,13/09/2022,,direitoemalerta,6718,"Bolsonaro chama Lula de ""capeta que quer implantar o comunismo",,"Post que diz que Lula √© um ""capeta"" que quer implantar o mal pela frente, que nesse caso seria o comunismo no Brasil",,Desumaniza√ß√£o,O presidente Lula,demoniza√ß√£o,Sim,Imagem pol√≠tica
id_33,12/01/2023,,esquerdacaxias,5685,Apresentador do SBT chama Moraes de ‚Äòencarna√ß√£o do capeta,,"Post com v√≠deo e texto que relata falas do apresentador Cl√°udio Prisco Para√≠so, que se refere ao ministro do STF Alexandre de Moraes como ‚Äúencarna√ß√£o do capeta‚Äù, ‚Äútirano‚Äù e ‚Äúpobre de esp√≠rito‚Äù,",,Desumaniza√ß√£o,"Alexandre de Moraes, ministro do STF",demoniza√ß√£o,Sim,Not√≠cia pol√≠tica
id_34,03/04/2025,,adnildocarvalho,2048,"Ser de esquerda √© uma merda, n√©?",,"Post que sugere que os eleitores do PT s√£o jumentos e que ser de esquerda √© ""uma merda""",,Desumaniza√ß√£o,Eleitores da esquerda,animaliza√ß√£o,Sim,Imagem de IA
id_35,12/05/2019,,xavv.e,847,arte antiga mas sempre vaÃÅlida pelo visto.,,"Publica√ß√£o que coloca Bolsonaro como um animal, um ""porco""",muito bom!,Desumaniza√ß√£o,Jair Bolsonaro,animaliza√ß√£o,Sim,Imagem pol√≠tica
id_36,08/10/2019,,jubamayer,1492,porco fascista,311,"Publica√ß√£o que compara Bolsonaro a um porco ""fascista""",,Desumaniza√ß√£o,Jair Bolsonaro,animaliza√ß√£o,Sim,Imagem pol√≠tica
id_37,29/01/2022,,leninartes,1711,Ratos Pol√≠ticos,221,"Post que coloca Lula como um rato ""ladr√£o"", respons√°vel por desvios milion√°rios do pa√≠s",great post / foda demais lenin,Desumaniza√ß√£o,O presidente Lula,animaliza√ß√£o,Sim,Imagem pol√≠tica
id_38,29/10/2019,,rubensmedeiros67,1617,"Sem maiores coment√°rios, pois pol√≠ticos s√£o ratos.",19,Charge que compara o congresso nacional a uma casa de ratos,,Desumaniza√ß√£o,Classe pol√≠tica brasileira,animaliza√ß√£o,Sim,Charge
id_39,14/08/2021,,galhardo_renato,1437,"Elei√ß√£o n√£o se vence, se toma!",16,"Post que acusa ministros do STF e grupos pol√≠ticos de serem ‚Äúdem√¥nios genocidas‚Äù, ‚Äúglobalistas‚Äù e ‚Äúcomunistas‚Äù, associados √† conspira√ß√£o, persegui√ß√£o religiosa e domina√ß√£o mundial.",s√£o imundos,Desumaniza√ß√£o,Grupo pol√≠tico do STF,demoniza√ß√£o,Sim,Imagem pol√≠tica
id_40,15/7/2021,,izaacmedeiros,968,Mais uma vez os DEM√îNIOS que est√£o transvestido de POL√çTICOS sangram o nosso BRASIL. At√© quando o povo vai ficar inertes?,3,Post que coloca os pol√≠ticos brasileiros como dem√¥nios por aprovarem o fund√£o eleitoral de 6 bilh√µes para as elei√ß√µes de 2022,,Desumaniza√ß√£o,Pol√≠ticos ,demoniza√ß√£o,Sim,Not√≠cia pol√≠tica
id_41,30/03/2021,,joanarolivsousa,1371,Os dem√¥nios est√£o cercando por todos os lados. E muitos pol√≠ticos e esses sindicalistas est√£o vendendo a alma ao diabo e colocando em risco a Soberania Nacional.,3,"Publica√ß√£o que acusa os sindicatos brasileiros ligados √† esquerda de dem√¥nios e que venderam a alma para o diabo por receberem 1,7 milh√£o do partido comunista chin√™s",As 30 moedas de ouro que s√≥ trar√° desgra√ßa a quem recebeu,Desumaniza√ß√£o,Sindicatos brasileiros,demoniza√ß√£o,Sim,Not√≠cia pol√≠tica
id_42,09/06/2023,,johnkagesamuraijk,36700,Olha os abiguinhos dos pol√≠ticos de estima√ß√£o da Direita. Apertada PASSADORA DE PANO para esses dem√¥nios FDPs tiranos genocidas de crian√ßas,39,"Post que coloca pol√≠ticos mundiais como Barack Obama, e figuras como Bill Gates, como satanistas, dem√¥nios e genocistas",Tanta gente do bem! N√£o conseguimos nos unir contra eles? N√£o me conformo ,Desumaniza√ß√£o,Pol√≠ticos mundiais,demoniza√ß√£o,Sim,Imagem pol√≠tica
id_43,28/02/2023,,sergiokruke,96600,Adivinhem qual √© o partido pol√≠tico do tinhoso.... #PartidodasTrevas,222,Charge que sugere que o PT seria um partido demon√¨aco por ser favor√°vel a legaliza√ß√£o do aborto,Deus salve nosso Brasil / Dem√¥nio dos inferno / ta na sigla PT partido das trevas,Desumaniza√ß√£o,Partido dos trabalhadores (PT),demoniza√ß√£o,Sim,Charge
id_44,05/10/2024,,robsonclaudiorobim,1155,Vamos Varrer a Quadrilha do PT  #partidodastrevas #corrup√ß√£o,,"Post que coloca o PT como um partido de ratos, e o dia 06 de outubro seria o dia de ""dedetizar"", ""exterminar"" esse partido do Brasil",,Desumaniza√ß√£o,Partido dos trabalhadores (PT),animaliza√ß√£o,Sim,Imagem pol√≠tica
id_45,06/04/2023,,sonia_silvino,1462,Partido dos trambiqueiros ,6,"Publica√ß√£o que sup√µe que o PT seria o maior produtor de ladr√µes, estelionat√°rios, mentirosos e lixos humanos do mundo",,Desumaniza√ß√£o,Partido dos trabalhadores (PT),impl√≠cita_moral,Sim,Imagem pol√≠tica
id_46,31/08/2024,,alexmassa.br,6371,Petista sendo petista. Mistura de jumento com anta,6,Post que sugere que os eleitores do PT s√£o uma mistura de jumento com anta. ,,Desumaniza√ß√£o,Eleitores do Partido dos Trabalhadores (PT),animaliza√ß√£o,Sim,Imagem pol√≠tica
id_47,29/12/2024,,patriotasbr26,2824,"Esquerda In√∫til, Idiota, Burra",2,"Publica√ß√£o que sugere que os esquerdistas s√£o carraptos, como uma resposta por os eleitores da direita serem chamados de gado",,Desumaniza√ß√£o,Grupo pol√≠tico da esquerda,animaliza√ß√£o,Sim,Charge
id_48,11/01/2026,,barinarboria,441,Apoiadores de impostos s√£o criminosos,1,"Post que coloca os pol√≠ticos, partidos e sindicatos como um todo como vermes ",,Desumaniza√ß√£o,Pol√≠ticos e sindicatos,animaliza√ß√£o,Sim,Imagem de IA
id_49,30/12/2025,,robertorequiaoofical,56700,"O Paran√° est√° infestado por ratos, at√© velhos pol√≠ticos aderem a ratazanada! Falta-nos o flautista de Hamelin para livrar o estado desta praga.",159,"Publica√ß√£o que sugere que o estado do Paran√° est√° infestado de ratos, esses ratos seriam os pol√≠ticos locais.",Perfeita analogia,Desumaniza√ß√£o,Pol√≠ticos,animaliza√ß√£o,Sim,Imagem de desenho
id_50,14/05/2023,,fernandoaugsto530,1025,O lula terrorista!√© o pr√≥prio Satan√°s e quer destruir o Brasil,,Publica√ß√£o que sugere que Lula √© terrorista e √© o pr√≥prio Satan√°s,,Desumaniza√ß√£o,O presidente Lula,demoniza√ß√£o,Sim,Imagem pol√≠tica
id_51,16/10/2022,,erotildesjuliodos,1624,LULA LADR√ÉO O SATAN√ÅS √â O CANDIDATO FAVORITO DOS BANDIDOS.,5,"Post que coloca Lula como um ladr√£o e Satan√°s. Na vis√£o do autor, Lula √© o candidato favorito dos bandidos",,Desumaniza√ß√£o,O presidente Lula,demoniza√ß√£o,Sim,Imagem pol√≠tica
id_52,13/02/2024,,democrastico,31600,Descansar q ningu√©m √© de ferro!!,493,Charge que trata Lula como um dem√¥nio,Boa/ Porque n√£o parte logo para o descanso eterno rss/ Descanso ser√° a depender de onde ele ir√°. Se for pra o inferno ser√° tormenta eterna.,Desumaniza√ß√£o,O presidente Lula,demoniza√ß√£o,Sim,Charge
id_53,04/06/2021,,majolonog2,1853,LULA √â O SATAN√ÅS NA FACE DA TERRA,3,"Not√≠cia que diz que Lula √© amigo do povo palestino, e que o l√≠der do Hamas espera sua volta. O autor do texto chama Lula de Satan√°s por conta disso.",,Desumaniza√ß√£o,O presidente Lula,demoniza√ß√£o,Sim,Not√≠cia pol√≠tica
id_54,27/11/2025,,pixacaograpixoegraffiti,7909,Bolsonaro verme,65,"Post que chama Bolsonaro de verme, com a mensagem da imagem tamb√©m falando: ""debocha dos doentes agora filho da puta""",,Desumaniza√ß√£o,Jair Bolsonaro,animaliza√ß√£o,Sim,Imagem pol√≠tica
id_55,07/08/2020,,olaviano_sergipe,2097,Dem√¥nios....Ainda demorou pra que esses vermes jogassem em algu√©m honesto a culpa dessa inf√¢mia.,32,Publica√ß√£o que chama os esquerdistas de dem√¥nios por uma not√≠cia sugerir que um homem atacou um motoboy  por ser seguidor de Olavo de Carvalho,"Eu n√£o sabia que Olavo de Carvalho √© obrigado a saber da Cida particular de seus seguidores.Pior mesmo seria se fosse seguidor do pudim de cana/ Pronto. Agora, todos os seguidores de Olavo s√£o racistas.",Desumaniza√ß√£o,Grupo pol√≠tico da esquerda,demoniza√ß√£o,Sim,Not√≠cia pol√≠tica
id_56,29/03/2020,,karina_barros_santos,1902,"Sabe pq ele pede pra vc trabalhar? Pq ele n√£o quer pagar o direito do trabalhador se ausentar na quarentena, entenda que para esses vermes pol√≠ticos e empres√°rios √© inadmiss√≠vel trabalhador receber em casa!",23,"Post que coloca Bolsonaro como a morte por ser favor√°vel a trabalhar durante a quarentena. A autora coloca Bolsonaro e outros pol√≠ticos como vermes por achar que seria inadmiss√≠vel, para os pol√≠ticos, o trabalhador ficar em casa recebendo sal√°rio.",verme/ facista do caraio,Desumaniza√ß√£o,Jair Bolsonaro e pol√≠ticos,animaliza√ß√£o,Sim,Imagem pol√≠tica
id_57,04/11/2021,,blogueirodogoias,2793,"98% dos pol√≠ticos brasileiros n√£o tem muito diferen√ßa dos vermes, parasitas malditos.",10,"Publica√ß√£o que coloca os pol√≠ticos como vermes, parasitas malditos por sugarem do povo tudo em troca da salva√ß√£o do pa√≠s. ",,Desumaniza√ß√£o,Pol√≠ticos,animaliza√ß√£o,Sim,Charge
id_58,07/09/2021,,claudiocaricaturista,2307,Os vermes dos pol√≠ticos corruptos est√£o tra√ßando o nosso Brasil,10,"Post que sugere que o Brasil progride a noite porque os pol√≠ticos est√£o dormindo. O autor diz que os pol√≠ticos, que s√£o vermes e corruptos, est√£o ""tra√ßando"" o pa√≠s.","Tem alguns que s√£o bons, temos que aprender a votar, diversas vezes perdemos grandes presidentes por conta de votarmos mal...",Desumaniza√ß√£o,Politicos,animaliza√ß√£o,Sim,Post de cunho pol√≠tico
id_59,25/01/2023,,lourdes_melo29,8672,"Capetas vagabundos, larapios",52,"Publica√ß√£o que aponta uma poss√≠vel contradi√ß√£o entre os valores ""Deus, P√°tria e Fam√≠lia"" com as atitudes dos manifestantes do 08 de janeiro de 2023. A autora os chama de capetas, vagabundos e lar√°pios.",V√¢ndalos nojentos/ V√£o tudo pru'inferno esses c√£o/ O contradit√≥rio.../ Vc falou comunismo? Lava jato ladr√£o de 9 dedos?,Desumaniza√ß√£o,Manifestantes do 08 de janeiro de 2023,demoniza√ß√£o,Sim,Post de cunho pol√≠tico
id_60,15/01/2026,,soninha_e,1957,E os capetas sa√≠ram de todos os cantos,1,"Publica√ß√£o que diz que o fato de Bolsonaro falar ""Deus acima de todos"" fez com que todo o inferno se levantasse contra ele. A autora sugere que os capetas sa√≠ram de todos os cantos a partir disso. Uma refer√™ncia clara ao grupo pol√≠tico da esquerda",,Desumaniza√ß√£o,Grupo pol√≠tico da esquerda,demoniza√ß√£o,Sim,Post de cunho pol√≠tico
id_61,10/12/2025,,queissocamarada,80500,"O verdadeiro pesadelo √© esse congresso inimigo do povo que enquanto voc√™ dorme eles defendem bandido, tentam se blindar e destroem o nosso pa√≠s.",5582,Post que retrata os pol√≠ticos como ratos,VAMOS PARA AS RUAS #CongressoInimigoDoPovo #ForaHugoMota/ #congressoinimigodopovo/ #ForaHugoMota/ A hist√≥ria vai fazer o Hugo Motta pagar por isso. Seja na cadeia ou no cemit√©rio.,Desumaniza√ß√£o,Congresso Nacional,animaliza√ß√£o,Sim,Charge
id_62,17/08/2024,,jovembakari,1045,"O Brasil e sua mania de idolatrar vermes, um cara que apoiou e era financiado pela ditadura, e pra piorar era racista e assediador escancaradamente em tv aberta, fazia perguntas de cunho sexual para crian√ßas, e as pessoas batiam palmas e davam risada como se estivessem assistindo um espet√°culo, bajulando esse velho maldit0, um verme desse morre e um pa√≠s inteiro trata ele como se fosse um Deusü§¶üèæ‚Äç‚ôÇÔ∏è o mundo est√° de cabe√ßa pra baixo.",69,"Post que trata Silvio Santos como um verme, apoiado pela ditadura de 1964, racista, assediador, maldito.",FINALMENTE ALGU√âM FALOU...,Desumaniza√ß√£o,S√≠lvio Santos,animaliza√ß√£o,Sim,Charge
id_63,13/08/2021,,tatiane_ribas80,1042,"Bolsonaro que era ditador, mas quem est√° prendendo geral por crime de opini√£o √© o STF. Corruptos, safados, porcos, imundos, lixos, ditadores, psicopatas!!!!!!!!",2,"Not√≠cia que diz que Moraes determinou a pris√£o de Roberto Jefferson, aliado de Bolsonaro. Por conta disso, a autora da publica√ß√£o, com tom de deboche no trecho ""Bolsonaro que era ditador, mas quem est√° prendendo geral por crime de opini√£o √© o STF"". A autora chama a oposi√ß√£o de Bolsonaro de porcos, psicopatas, lixos, safados, imundos.",,Desumaniza√ß√£o,Grupo pol√≠tico da esquerda e o STF,animaliza√ß√£o,Sim,Not√≠cia pol√≠tica
id_64,27/01/2026,,ferdinando.b.s,1871,"Adolf Hitler morreu em 30 de abril de 1945. Luiz In√°cio Lula da Silva nasceu em 27 de outubro de 1945. Ou seja, mesmo ano, mas com quase 6 meses de diferen√ßa. O dem√¥nio n√£o d√° nem um ano de paz ",3,"Post que iguala Lula a Hitler, e o chama de dem√¥nio, pois o fato de um ter morrido em 1945 e o outro ter nascido em 1945, seria porque ""o dem√¥nio n√£o d√° folga""",,Desumaniza√ß√£o,O presidente Lula,demoniza√ß√£o,Sim,Post de cunho pol√≠tico
id_65,28/01/2022,,cosmolemos,5732,"O EXORCISTA, Padre Kelmon, expulsa o Dem√¥nio LULA Barrab√°s do Aborto e do Conunismo ateu do Brasil.",7,"Publica√ß√£o que trata o ex-candidato Padre Kelmon como um exorcista por, segundo o autor, ter expulsado o dem√¥nio Lula, que na vis√£o do autor, Lula √© favor√°vel ao aborto, √© comunista e ateu.",,Desumaniza√ß√£o,O presidente Lula,demoniza√ß√£o,Sim,Imagem pol√≠tica
