id,data,hora,autor,seguidores,titulo,likes,conteudo,replicas,categoria,ente,teoria,conflito,imagem,plataforma,excluida
id_01,10/12/2025,,brasileiro__exe,11700,2026 tem eleiçoes,,"Ilustração caricatural de um homem negro, com traços faciais exagerados, segurando um cartão do programa Bolsa Família. A cabeça aparece aberta, como um esquema cerebral, com areas nomeadas: “Cervejinha” “Futebol” “Levar vantagem” “Funk/Pagode” “Pegar mule”","Cervejinha, pagodinho, mulher e futebol quando é em outras culturas (a italiana por exemplo), ai é considerado chique. Aqui é chamam de representação do Bostil. / E o voto tem o mesmo valor que o seu! Bom dia! / 80% dos brasileiros todo final de semana / Só deveria votar quem de fato contribuí / Aqui na Bahia é em cada esquina um desses / Bicho, se esses bostileiros fossem ignorantes e incultos sem ter o direito ao voto e nem direito à auxílio pago por nós, estaria tranquilo! O problema é que além da gente sustentar esses infelizes, eles também são os que escolhem quem serão os governantes! / Porque ele é branco? Escurece ele mais / E eles que escolhem os governantes ainda. Bela democracia kkkkkkkkkkkkkk / Achei meio racista esse desenho, queria comentar. / Não dá pra dizer que o chimpanzeiro tem a cabeça vazia",infra,Brasileiro - classe popular,implicita_essencialista,Sim,Charge,instagram,1
id_02,10/12/2025,,mortoon_oficial,9606,MORtoon - Congresso de ratos,698,Charge comparando os políticos brasileiros do Congresso Nacional aos ratos,"hashtags como #piorcongressodahistoriadopaís
#congressoinimigodopovo
#forahugomotta",infra,Congresso Nacional,animalização,Sim,Charge,instagram,
id_03,11/12/2025,,o_capirotinho,318000,Vermes.,18465,Charge que diz que o Congresso Nacional funcionando de madrugada é um banquete dos vermes,hashtags como #congressoinimigodopovo,infra,Congresso Nacional,animalização,Sim,Charge,instagram,
id_04,23/08/2025,,slaoq6390,2624,Filho de anjo e demônio,216.569,Um vídeo que diz que a pessoa do vídeo é filha de pai europeu e mãe nordestina,"Comentários que falam de descendência e associam esse nascimento do vídeo ao ""Anti-cristo""",outros,Nordestino,implicita_essencialista,Sim,Metáfora moral,instagram,
id_05,10/12/2025,,delfino.luizcarlos,883,Estes seres merecem ser respeitados. Quem? Os Ratos.,32,Charge que diz que os ratos merecem respeito e não deviam ser comparados aos politicos do congresso brasileiro,,infra,Congresso Nacional,animalização,Sim,Charge,instagram,
id_06,10/12/2025,,esquerdaverde,252000,DOSIMETRIA É COISA DE RATOS! CONGRESSO INIMIGO DO POVO,69036,Charge que trata a dosimetria como se fosse coisa de ratos,"Comentários incentivando a mobilização nas ruas e coisas como ""sem anistia"", hashtags associadas a revolta com o Congresso",infra,Congresso Nacional,animalização,Sim,Charge,instagram,
id_07,13/12/2025,,anoticiadoceara,128000,Vereadora celebra entrega de tambor de lixo e gera repercussão,27371,"Notícia acerca da vereadora Maninha do Hospital (MDB), do município de Barreira (CE), que aparece ao lado de uma moradora comemorando a entrega de um “tambor de lixo” na localidade de Bom Sucesso. A cena é descrita como “inusitada” e passou a ser amplamente ironizada, dividindo opiniões entre usuários e agentes políticos locais.","Comentários satirizando a entrega, e comparando esse ato com uma espécie de migalhas que são aceitas pela população. ""O Brasil que deu certo"", ""o tambor representa o voto dela"", ""o povo merece, parabéns pela conquista""",outros,Moradores de comunidades periféricas,paternalismo,Sim,Vídeo de um registro político,instagram,
id_08,15/12/2025,,_simone_witte,5793,"Quem com PORCOS se junta, FARELO come!",16,"Notícia de que o SBT viveu um ""sábado para esquecer"", com pior IBOPE em quatro décadas. O enunciado utiliza um provérbio popular com metáfora animalizante, associando um grupo político (“esquerdistas”) a porcos e a algo degradado (“farelo”).",Quem lacra não lucra / Faz o L,infra,SBT/esquerdistas,animalização,Sim,Metáfora animalizante,instagram,
id_09,11/12/2025,,alexisfonteyne30,64600,"Quem vende a sua dignidade e liberdade por um bocado de “benefício” do Estado, merece viver na miséria do Populismo.",2616,"Publicação de cunho político que associa o recebimento de benefícios à compra de votos, caracterizando eleitores como moralmente culpados por sua condição socioeconômica.",Pergunte quantas dessas pessoas saíram da pobreza por conta dessa medidas: 0 . Perfeito!!!! Mudar essa cultura mudaria tudo! / 2027 o país quebra. Tudo vindo do dinheiro público em prol de votos,outros,População pobre,causalidade moralizante,Sim,Populismo/moralismo,instagram,
id_10,15/11/2025,,deborapsol,21700,Padre invade ritual de matriz africana e profere ofensa racista,1414,"Publicação que relata a invasão de um ritual de matriz africana por um padre em Praia Grande, com ofensa racista ao líder religioso",Comentários criticando a atitude do padre e repudiando a intolerância religiosa,infra,Praticantes da religião de matriz africana,animalização,Sim,Imagem animalizante racial,instagram,
id_11,16/12/2025,,diariodoporto,77200,"Racismo no colégio Dom Pedro II: aluno foi chamado de macaco por colegas de turma diversas vezes, denuncia mãe",1491,"Publicação que relata ataques racistas repetidos contra um aluno de 12 anos do Colégio Pedro II, incluindo ofensas de cunho racial, o silêncio da vítima por medo, a indignação da família diante da falta inicial de punições e a nota oficial da escola informando a abertura de procedimentos de apuração e reafirmando o compromisso com o combate ao racismo.","Comentários lamentando o ocorrido, e pedindo a expulsão dos alunos que foram racistas",infra,Criança negra,animalização,Sim,Imagem simbólica de animalização racial,instagram,
id_12,16/12/2025,,vasconcelopinheiro,2452,Post associa adversário político a figura demoníaca em disputa eleitoral,1,"Publicação de cunho político que celebra o resultado eleitoral no Chile e projeta cenário semelhante para o Brasil, utilizando linguagem religiosa e moralizante ao associar o comunismo e o Partido dos Trabalhadores a figuras demoníacas. O texto apresenta dados de pesquisa eleitoral de segundo turno",,supra,Partido dos trabalhadores (PT),demonização,Sim,Imagem de demonização política,instagram,
id_13,16/12/2025,12:24,cidadenalente,263,ATENÇÃO! Nova ordem emitida ao Jument0 Tele-guiado: Hora de amar o STB!,,"Post de cunho político que utiliza linguagem ofensiva e metafórica para associar eleitores do Partido dos Trabalhadores a um animal, retratando-os como indivíduos irracionais e manipuláveis.",,infra,Eleitores do Partido dos Trabalhadores (PT),animalização,Sim,Metáfora animalizante,instagram,
id_14,04/01/2026,,ribeiro_lia,85600,Querem invasão dos EUA no Brasil!,49,"Post de cunho político que defende a intervenção militar dos Estados Unidos no Brasil e utiliza linguagem ofensiva para desqualificar opositores políticos, especialmente associados à esquerda. O post recorre a metáforas animais e termos depreciativos, como “burro”, “asnos” e “jumentos”, além de associar o grupo-alvo à ignorância e à incapacidade cognitiva","Já oraram pra pneu hoje?, além de emojis de risadas",infra,Grupo político da esquerda brasileira,animalização,Sim,Charge,instagram,
id_15,23/12/2025,,keylashirlaine_ofc,166000,Modelo exclusivo para jumentos,390,"Vídeo que satiriza o uso de havaianas por parte dos brasileiros de esquerda, chamados no vídeo de ""Comunistas"", e os compara aos jumentos.",Comentários com emojis de risos,infra,Grupo político da esquerda brasileira,animalização,Sim,Vídeo produzido por IA,instagram,
id_16,04/01/2026,21:10,fabio_soares76,1442,Tem que ser muito BURRO pra cair neste mar fétido de DESINFORMAÇÃO da Globo.,18,"Post que critica o programa Fantástico e a cobertura da Rede Globo sobre a Venezuela, acusando o veículo de desinformação e alinhamento político. O post utiliza linguagem ofensiva e desumanizante, chamando jornalistas e críticos de “burros”, “jumentos” e “vermes”",Me recuso a assistir isso hj... sem estômago,infra,Jornalistas da Rede Globo/ mídia,animalização,Sim,Tweet,instagram,
id_17,09/10/2025,,campos_de_direita,3482,Amém,19,"Publicação que compara Lula ao ""capeta"", e satiriza o mês de outubro como outubro violeta",Amém,supra,O presidente Lula,essencialização religiosa,Sim,Imagem de demonização política,instagram,
id_18,04/01/2026,,campos_de_direita,3482,Jumentos!,85,"Post que critica a esquerda brasileira, em um teor ofensivo, a chama de nojenta. O autor sugere que a Venezuela estaria comemorando a captura de Maduro, e a esquerda brasileira estaria triste. Por fim, chama esse povo de ridículo.","Estão preocupados com as drogas e a participação dos lucros do narcotráfico, que a política de esquerda brasileira sempre esteve envolvida não é segredo pra ninguém! / Eu fiz um comentário em algum insta e vieram de bixo emcima falando merda. Tudo esquerda com certeza",infra,Grupo político da esquerda brasileira,animalização,Sim,Imagem de degradação moral,instagram,
id_19,05/01/2026,10:30,anaodiplomatico,48200,OS JUMENTOS VAO INVADIR O MUNDO,69,"Publicação feita por IA que sugere que Lula e Nicolás Maduro irão invadir o mundo com um exército de jumentos, abraçados",Quero ver petista chorando procurando maduro e Lulu / Dois corruptos ladrões,infra,Grupo político da esquerda brasileira e os presidentes Lula e Nicolás Maduro,animalização,Sim,Imagem feita por IA com metáfora animal,instagram,
id_20,02/12/2025,,felinosemfiltro,60000,A tua piscina está cheia de ratos,38727,"Crítica ao Congresso, descrito como inimigo do povo, corrupto, descomprometido com a população e moralmente indigno.","O CONGRESSO ESTÁ NECESSITANDO DE UMA DESRATIZAÇÃO/ E até quando vamos permitir que eles suguem o nosso sangue? / Musica na poderia ser melhor. O golpe continua. Enfraquecendo os poderes, brindando deputados condenados , buscando anistia para dizer..",infra,Congresso Nacional,animalização,Sim,Imagem política,instagram,
id_21,06/01/2026,,wellington_yunes,905,Lixo Humano… se é que pode ser considerado humano esse filho do capeta.,21,"Post acusa esquerda de incoerência política ao exigir a prisão de Bolsnaro por tentativa de golpe, mas defende a liberdade de Nicolás Maduro",Cérebro invertido! Nova Síndrome 😂,supra,Nicolás Maduro,essencialização e demonização,Sim,Imagem política,instagram,
id_22,05/01/2026,,rithi_souza,31800,"Meu nome é Rithiele Souza. Torno público este print para denunciar um episódio de racismo cometido por um bombeiro militar, que fez comentários ofensivos e discriminatórios a meu respeito em um grupo de mensagens.",16720,"Denúncia de episódio de racismo cometido por um bombeiro militar contra uma médica negra, envolvendo comentários ofensivos e discriminatórios em mensagens privadas","Agora imagine esse cara precisar ser atendido por você e a vida dele em suas mãos? Eu só consigo pensar nisso… segue firme, Dra. A gente precisa de você dando carteirada mesmo / Não esconde o cara não, posta pra td mundo ver a foto."" / ""Já que não dá pra colocar fogo, que sejam processados e paguem caro por isso. / Ele não gosta de nordestino, e tem sotaque de nordestino .",infra,Mulher negra,animalização,Sim,Relato pessoal com denúncia pública,instagram,
id_23,17/07/2025,,marceloeustaquio399,376,Por isso sou anti essa raça do demônio PT,,"Publicação política que compara dados econômicos de governos distintos e utiliza linguagem de ataque ideológico extremo, além de usar de uma associação demonizante ao se referir ao PT",,supra,Partido dos trabalhadores (PT) e militantes petistas,demonização,Sim,Imagem política,instagram,
id_24,04/01/2026,,rodriguespaulomarcelo,1950,Hipócritas nojentos,6,"Publicação que diz que a esquerda é incoerente ao exigir a prisão de Bolsnaro por tentativa de golpe, mas defende a liberdade de Nicolás Maduro. Por fim, chama a esquerda de hipócrita e nojenta",,infra,Grupo político da esquerda,essencialização,Sim,Imagem política,instagram,
id_25,04/01/2026,,zznigri,2247,"Hipocritas , nojentos , sofreram lavagem cerebral nas faculdades e hoje defecam com os dedos !!!",45,Post que considera a esquerda política hipócrita e nojenta por condenarem o sequestro de Nicolás Maduro,"Absurdo , mas eu consigo ver algo de bom nisso, se alguém é capaz de defender, hamas, maduro e pt, essas pessoas nao servem para estar no nosso meio, abs / Nem no nosso mundo se é que vc me entende./ Miseráveis",infra,Grupo político da esquerda,essencialização,Sim,Post de cunho político,instagram,
id_26,02/11/2022,,direitafederativa,13100,Nine pig se espojando!,,"Charge que coloca o presidente Lula como um porco, e que satiriza sua fala ao dizer que ele iria devolver a democracia para o Brasil",,infra,O presidente Lula,animalização,Sim,Charge,instagram,
id_27,28/03/2020,,sagradofalandodeaxe,37900,E agora depois disso os vermes ainda estarão roubando mais e mais. A corrupção nunca acabará!!!!!,39,Publicação que critica a corrupção política ao trazer uma frase reflexiva como ponto de debate,,infra,Políticos,animalização,Sim,Post de cunho político,instagram,
id_28,13/08/2015,,zonacountry,121000,Esse é o retrato da política brasileira hoje,264,"Charge que representa diversos partidos políticos (PT, PMDB, PSDB, DEM, PP, PDT, PR) como porcos disputando comida em um cocho, acompanhada do texto: “Como você sabe quem é governo e quem é oposição?” / “Não preciso saber, o cocho onde eles comem é um só”.",Verdade,infra,Classe política brasileira,animalização,Sim,Charge,instagram,
id_29,26/08/2020,,fantonimarcioluis,365,#lixopolítico,5,Post que considera os ex-membros do partido de Jair Bolsonaro como traidores e lixos políticos por deixarem de apoiar Bolsonaro,,infra,Políticos,implícita_moral,Sim,Imagem política,instagram,
id_30,01/06/2021,,marciorrrangel,1010,político dentro de uma caixa de lixo,16,Charge que representa políticos sendo jogados dentro de uma lata de lixo por uma multidão. O texto sugere a ideia de descartar a classe política como lixo,amei,infra,Grupo político,implícita_moral,Sim,Charge,instagram,
id_31,18/07/2021,,zazacq,1092,O capeta de 9 dedos quer sua alma por isso comprou à Foice de SP e ao Partido Político STF .,1,"Post que coloca Lula como um ""capeta"" , e que trata ele como se ele fosse um demônio, mentiroso e ladrão que quer roubar a alma dos eleitores brasileiros",,supra,O presidente Lula,demonização,Sim,Imagem política,instagram,
id_32,13/09/2022,,direitoemalerta,6718,"Bolsonaro chama Lula de ""capeta que quer implantar o comunismo",,"Post que diz que Lula é um ""capeta"" que quer implantar o mal pela frente, que nesse caso seria o comunismo no Brasil",,supra,O presidente Lula,demonização,Sim,Imagem política,instagram,
id_33,12/01/2023,,esquerdacaxias,5685,Apresentador do SBT chama Moraes de ‘encarnação do capeta,,"Post com vídeo e texto que relata falas do apresentador Cláudio Prisco Paraíso, que se refere ao ministro do STF Alexandre de Moraes como “encarnação do capeta”, “tirano” e “pobre de espírito”,",,supra,"Alexandre de Moraes, ministro do STF",demonização,Sim,Notícia política,instagram,
id_34,03/04/2025,,adnildocarvalho,2048,"Ser de esquerda é uma merda, né?",,"Post que sugere que os eleitores do PT são jumentos e que ser de esquerda é ""uma merda""",,infra,Eleitores da esquerda,animalização,Sim,Imagem de IA,instagram,
id_35,12/05/2019,,xavv.e,847,arte antiga mas sempre válida pelo visto.,,"Publicação que coloca Bolsonaro como um animal, um ""porco""",muito bom!,infra,Jair Bolsonaro,animalização,Sim,Imagem política,instagram,
id_36,08/10/2019,,jubamayer,1492,porco fascista,311,"Publicação que compara Bolsonaro a um porco ""fascista""",,infra,Jair Bolsonaro,animalização,Sim,Imagem política,instagram,
id_37,29/01/2022,,leninartes,1711,Ratos Políticos,221,"Post que coloca Lula como um rato ""ladrão"", responsável por desvios milionários do país",great post / foda demais lenin,infra,O presidente Lula,animalização,Sim,Imagem política,instagram,
id_38,29/10/2019,,rubensmedeiros67,1617,"Sem maiores comentários, pois políticos são ratos.",19,Charge que compara o congresso nacional a uma casa de ratos,,infra,Classe política brasileira,animalização,Sim,Charge,instagram,
id_39,14/08/2021,,galhardo_renato,1437,"Eleição não se vence, se toma!",16,"Post que acusa ministros do STF e grupos políticos de serem “demônios genocidas”, “globalistas” e “comunistas”, associados à conspiração, perseguição religiosa e dominação mundial.",são imundos,infra,Grupo político do STF,demonização,Sim,Imagem política,instagram,
id_40,15/7/2021,,izaacmedeiros,968,Mais uma vez os DEMÔNIOS que estão transvestido de POLÍTICOS sangram o nosso BRASIL. Até quando o povo vai ficar inertes?,3,Post que coloca os políticos brasileiros como demônios por aprovarem o fundão eleitoral de 6 bilhões para as eleições de 2022,,infra,Políticos,demonização,Sim,Notícia política,instagram,
id_41,30/03/2021,,joanarolivsousa,1371,Os demônios estão cercando por todos os lados. E muitos políticos e esses sindicalistas estão vendendo a alma ao diabo e colocando em risco a Soberania Nacional.,3,"Publicação que acusa os sindicatos brasileiros ligados à esquerda de demônios e que venderam a alma para o diabo por receberem 1,7 milhão do partido comunista chinês",As 30 moedas de ouro que só trará desgraça a quem recebeu,supra,Sindicatos brasileiros,demonização,Sim,Notícia política,instagram,
id_42,09/06/2023,,johnkagesamuraijk,36700,Olha os abiguinhos dos políticos de estimação da Direita. Apertada PASSADORA DE PANO para esses demônios FDPs tiranos genocidas de crianças,39,"Post que coloca políticos mundiais como Barack Obama, e figuras como Bill Gates, como satanistas, demônios e genocistas",Tanta gente do bem! Não conseguimos nos unir contra eles? Não me conformo,supra,Políticos mundiais,demonização,Sim,Imagem política,instagram,
id_43,28/02/2023,,sergiokruke,96600,Adivinhem qual é o partido político do tinhoso.... #PartidodasTrevas,222,Charge que sugere que o PT seria um partido demonìaco por ser favorável a legalização do aborto,Deus salve nosso Brasil / Demônio dos inferno / ta na sigla PT partido das trevas,supra,Partido dos trabalhadores (PT),demonização,Sim,Charge,instagram,
id_44,05/10/2024,,robsonclaudiorobim,1155,Vamos Varrer a Quadrilha do PT #partidodastrevas #corrupção,,"Post que coloca o PT como um partido de ratos, e o dia 06 de outubro seria o dia de ""dedetizar"", ""exterminar"" esse partido do Brasil",,infra,Partido dos trabalhadores (PT),animalização,Sim,Imagem política,instagram,
id_45,06/04/2023,,sonia_silvino,1462,Partido dos trambiqueiros,6,"Publicação que supõe que o PT seria o maior produtor de ladrões, estelionatários, mentirosos e lixos humanos do mundo",,infra,Partido dos trabalhadores (PT),implícita_moral,Sim,Imagem política,instagram,
id_46,31/08/2024,,alexmassa.br,6371,Petista sendo petista. Mistura de jumento com anta,6,Post que sugere que os eleitores do PT são uma mistura de jumento com anta.,,infra,Eleitores do Partido dos Trabalhadores (PT),animalização,Sim,Imagem política,instagram,
id_47,29/12/2024,,patriotasbr26,2824,"Esquerda Inútil, Idiota, Burra",2,"Publicação que sugere que os esquerdistas são carraptos, como uma resposta por os eleitores da direita serem chamados de gado",,infra,Grupo político da esquerda,animalização,Sim,Charge,instagram,
id_48,11/01/2026,,barinarboria,441,Apoiadores de impostos são criminosos,1,"Post que coloca os políticos, partidos e sindicatos como um todo como vermes",,infra,Políticos e sindicatos,animalização,Sim,Imagem de IA,instagram,
id_49,30/12/2025,,robertorequiaoofical,56700,"O Paraná está infestado por ratos, até velhos políticos aderem a ratazanada! Falta-nos o flautista de Hamelin para livrar o estado desta praga.",159,"Publicação que sugere que o estado do Paraná está infestado de ratos, esses ratos seriam os políticos locais.",Perfeita analogia,infra,Políticos,animalização,Sim,Imagem de desenho,instagram,
id_50,14/05/2023,,fernandoaugsto530,1025,O lula terrorista!é o próprio Satanás e quer destruir o Brasil,,Publicação que sugere que Lula é terrorista e é o próprio Satanás,,supra,O presidente Lula,demonização,Sim,Imagem política,instagram,
id_51,16/10/2022,,erotildesjuliodos,1624,LULA LADRÃO O SATANÁS É O CANDIDATO FAVORITO DOS BANDIDOS.,5,"Post que coloca Lula como um ladrão e Satanás. Na visão do autor, Lula é o candidato favorito dos bandidos",,supra,O presidente Lula,demonização,Sim,Imagem política,instagram,
id_52,13/02/2024,,democrastico,31600,Descansar q ninguém é de ferro!!,493,Charge que trata Lula como um demônio,Boa/ Porque não parte logo para o descanso eterno rss/ Descanso será a depender de onde ele irá. Se for pra o inferno será tormenta eterna.,supra,O presidente Lula,demonização,Sim,Charge,instagram,
id_53,04/06/2021,,majolonog2,1853,LULA É O SATANÁS NA FACE DA TERRA,3,"Notícia que diz que Lula é amigo do povo palestino, e que o líder do Hamas espera sua volta. O autor do texto chama Lula de Satanás por conta disso.",,supra,O presidente Lula,demonização,Sim,Notícia política,instagram,
id_54,27/11/2025,,pixacaograpixoegraffiti,7909,Bolsonaro verme,65,"Post que chama Bolsonaro de verme, com a mensagem da imagem também falando: ""debocha dos doentes agora filho da puta""",,infra,Jair Bolsonaro,animalização,Sim,Imagem política,instagram,
id_55,07/08/2020,,olaviano_sergipe,2097,Demônios....Ainda demorou pra que esses vermes jogassem em alguém honesto a culpa dessa infâmia.,32,Publicação que chama os esquerdistas de demônios por uma notícia sugerir que um homem atacou um motoboy por ser seguidor de Olavo de Carvalho,"Eu não sabia que Olavo de Carvalho é obrigado a saber da Cida particular de seus seguidores.Pior mesmo seria se fosse seguidor do pudim de cana/ Pronto. Agora, todos os seguidores de Olavo são racistas.",supra,Grupo político da esquerda,demonização,Sim,Notícia política,instagram,
id_56,29/03/2020,,karina_barros_santos,1902,"Sabe pq ele pede pra vc trabalhar? Pq ele não quer pagar o direito do trabalhador se ausentar na quarentena, entenda que para esses vermes políticos e empresários é inadmissível trabalhador receber em casa!",23,"Post que coloca Bolsonaro como a morte por ser favorável a trabalhar durante a quarentena. A autora coloca Bolsonaro e outros políticos como vermes por achar que seria inadmissível, para os políticos, o trabalhador ficar em casa recebendo salário.",verme/ facista do caraio,supra,Jair Bolsonaro e políticos,animalização,Sim,Imagem política,instagram,
id_57,04/11/2021,,blogueirodogoias,2793,"98% dos políticos brasileiros não tem muito diferença dos vermes, parasitas malditos.",10,"Publicação que coloca os políticos como vermes, parasitas malditos por sugarem do povo tudo em troca da salvação do país.",,infra,Políticos,animalização,Sim,Charge,instagram,
id_58,07/09/2021,,claudiocaricaturista,2307,Os vermes dos políticos corruptos estão traçando o nosso Brasil,10,"Post que sugere que o Brasil progride a noite porque os políticos estão dormindo. O autor diz que os políticos, que são vermes e corruptos, estão ""traçando"" o país.","Tem alguns que são bons, temos que aprender a votar, diversas vezes perdemos grandes presidentes por conta de votarmos mal...",infra,Politicos,animalização,Sim,Post de cunho político,instagram,
id_59,25/01/2023,,lourdes_melo29,8672,"Capetas vagabundos, larapios",52,"Publicação que aponta uma possível contradição entre os valores ""Deus, Pátria e Família"" com as atitudes dos manifestantes do 08 de janeiro de 2023. A autora os chama de capetas, vagabundos e larápios.",Vândalos nojentos/ Vão tudo pru'inferno esses cão/ O contraditório.../ Vc falou comunismo? Lava jato ladrão de 9 dedos?,supra,Manifestantes do 08 de janeiro de 2023,demonização,Sim,Post de cunho político,instagram,
id_60,15/01/2026,,soninha_e,1957,E os capetas saíram de todos os cantos,1,"Publicação que diz que o fato de Bolsonaro falar ""Deus acima de todos"" fez com que todo o inferno se levantasse contra ele. A autora sugere que os capetas saíram de todos os cantos a partir disso. Uma referência clara ao grupo político da esquerda",,supra,Grupo político da esquerda,demonização,Sim,Post de cunho político,instagram,
id_61,10/12/2025,,queissocamarada,80500,"O verdadeiro pesadelo é esse congresso inimigo do povo que enquanto você dorme eles defendem bandido, tentam se blindar e destroem o nosso país.",5582,Post que retrata os políticos como ratos,VAMOS PARA AS RUAS #CongressoInimigoDoPovo #ForaHugoMota/ #congressoinimigodopovo/ #ForaHugoMota/ A história vai fazer o Hugo Motta pagar por isso. Seja na cadeia ou no cemitério.,infra,Congresso Nacional,animalização,Sim,Charge,instagram,
id_62,17/08/2024,,jovembakari,1045,"O Brasil e sua mania de idolatrar vermes, um cara que apoiou e era financiado pela ditadura, e pra piorar era racista e assediador escancaradamente em tv aberta, fazia perguntas de cunho sexual para crianças, e as pessoas batiam palmas e davam risada como se estivessem assistindo um espetáculo, bajulando esse velho maldit0, um verme desse morre e um país inteiro trata ele como se fosse um Deus🤦🏾‍♂️ o mundo está de cabeça pra baixo.",69,"Post que trata Silvio Santos como um verme, apoiado pela ditadura de 1964, racista, assediador, maldito.",FINALMENTE ALGUÉM FALOU...,supra,Sílvio Santos,animalização,Sim,Charge,instagram,
id_63,13/08/2021,,tatiane_ribas80,1042,"Bolsonaro que era ditador, mas quem está prendendo geral por crime de opinião é o STF. Corruptos, safados, porcos, imundos, lixos, ditadores, psicopatas!!!!!!!!",2,"Notícia que diz que Moraes determinou a prisão de Roberto Jefferson, aliado de Bolsonaro. Por conta disso, a autora da publicação, com tom de deboche no trecho ""Bolsonaro que era ditador, mas quem está prendendo geral por crime de opinião é o STF"". A autora chama a oposição de Bolsonaro de porcos, psicopatas, lixos, safados, imundos.",,infra,Grupo político da esquerda e o STF,animalização,Sim,Notícia política,instagram,
id_64,27/01/2026,,ferdinando.b.s,1871,"Adolf Hitler morreu em 30 de abril de 1945. Luiz Inácio Lula da Silva nasceu em 27 de outubro de 1945. Ou seja, mesmo ano, mas com quase 6 meses de diferença. O demônio não dá nem um ano de paz",3,"Post que iguala Lula a Hitler, e o chama de demônio, pois o fato de um ter morrido em 1945 e o outro ter nascido em 1945, seria porque ""o demônio não dá folga""",,supra,O presidente Lula,demonização,Sim,Post de cunho político,instagram,
id_65,28/01/2022,,cosmolemos,5732,"O EXORCISTA, Padre Kelmon, expulsa o Demônio LULA Barrabás do Aborto e do Conunismo ateu do Brasil.",7,"Publicação que trata o ex-candidato Padre Kelmon como um exorcista por, segundo o autor, ter expulsado o demônio Lula, que na visão do autor, Lula é favorável ao aborto, é comunista e ateu.",,supra,O presidente Lula,demonização,Sim,Imagem política,instagram,
id_66,14/05/2021,,jbgregoriojr,2484,ROBÔS nas ruas em campanha pela DEMOCRACIA.,4,"Post que ironiza, em uma manifestação bolsonarista, que os manifestantes seriam robôs fechados com Bolsonaro. Esses manifestantes ""robôs"" é por conta de discussões virtuais sobre posts em apoio ao Bolsonaro por um tráfego incomum.nas redes (muitas publicações com perfis fantasmas)",,quase,Bolsonaristas,mecanização,Não,Post de cunho político,instagram,
id_67,25/02/2024,,oimagopool,53300,"Vermes são parasitas que se alojam em várias áreas do corpo humano usando o para proliferarem, é possível encontrá-los em outras áreas também como por exemplo na Avenida Paulista e em um passado recente, na frente dos quartéis usando celulares para se comunicar com alienígenas.",3655,Publicação que coloca os eleitores bolsonaristas como vermes e parasitas,"O cara é uma lenda mesmo.. Nem noé juntou tanto animal num lugar só/  Então...mas vi que em 2023 ele tinha conseguido puxar umas 12/13 mil pessoas e hoje, foram 183 mil pessoas segundo a USP, dizem que foi a maior desde 2022, desconfio que foi em conta da fala de Lula sobre Israel. Eu gostei da sua crítica, mas pqp, olha o Trump super forte aí de novo, a gente tá pegando muito leve. / Juro, sem comentários. / Ah, tá, agora entendi uns idosos de camisa do Brasil aqui perto do Jabaquara hoje, é pq tem boiada rs",infra,Bolsonaristas,animalização,Sim,Imagem política,instagram,
id_68,18/02/2026,,jorgearaujocarneiro,2368,"Não precisa ser tão inteligente, basta pensar um pouquinho, para entender a crítica social. Trata-se dos falsos moralistas, falsos cristãos... Dos falsos conservadores. Agora, pelo que venho acompanhando, se a carapuça serviu...",16,"Post que retrata os eleitores bolsonaristas como um gado em conserva, e que seu cérebro seria servido em uma lata","PEEEEERRRRRFEEEEEEEIIIIITOOOOOOOOO 😂😂😂 / E o contrário / Estou sentindo tanta vergonha dessa gente se prestando a um papel tão bizarro... Pqp O que a falta de conhecimento e inteligência, né que seja um pouco, não faz. Tudo tão patético. /",infra,Bolsonaristas,animalização,Sim,Imagem política,instagram,
id_69,03/04/2020,,josemedeirosmt,293000,"Que o Lula ""Robô"" o Brasil inteiro a imprensa não lembra mais, né?",3924,Publicação que critica e satiriza uma notícia que diz que 55% dos posts pró Bolsonaro seriam feitos por robôs. O autor discorda, Eu tbm sou um robô🤣🤣🤣 / E os outros 55% somos nós e... Não pera aí...kkkkk.... Esquerdinha esquerdinha... Cada merda / 🤣🤣🤣🤣somos todos robôs 🤣👏🤣👏🤣👏/Eu sou robô do Bolsonaro!😍,quase,Bolsonaristas,mecanização,Não,Notícia política,instagram,
id_70,28/02/2026,,prof.adrianosribeiro,1492,A primeira trombeta foi tocada ao som estridente das bombas dos EUA e da escória sionista de Israel,14,Publicação que retrata os EUA como um demônio por conta das suas ações no Oriente Médio,,supra,Estados Unidos da América,demonização,Sim,Imagem política,instagram,
id_71,09/02/2025,,radar_brasil,112000,O falso mito da moralidade bolsonarista caiu. Ver o gado defendendo o fim da Lei da Ficha Limpa é impagável,1337,Publicação que retrata o eleitor bolsonarista como um gado que pediria pelo fim da lei da ficha limpa,"Muuuuuuuu😂😂😂😂😂/ Volta jair vc é o melhor / Não duvide se conseguirem ,tudo tem um preço",infra,Bolsonaristas,animalização,Sim,Imagem política,instagram,
id_72,06/03/2021,,ev.franca,1217,E um monte de otário acreditando nesses vermes políticos,7,Post que coloca os políticos como um vírus e o autor os chama de  vermes ,,infra,Políticos,animalização,Sim,Imagem política,instagram,
id_73,29/09/2025,,direita_liberta,19900,A extrema esquerda eh hipocrita! Eh suja! Eh porca! Eh desumana!,8,"Publicação que retrata Gilberto Gil, um adepto da esquerda, como alguém corrupto que se cala com dinheiro (proveniente da lei rouanet para o autor)",,infra,Grupo político da esquerda,animalização,Sim,Charge,instagram,
id_74,13/05/2024,,alexmassa.br ,6367,Daniela Lima 🐷 Porca da esquerda 🤮,7,"Post que chama a jornalista Daniela Lima, da Globo News, de porca de esquerda, por trazer notícia ""ruins"" para o autor sobre Carlos Bolsonaro",,infra,Daniela Lima e esquerda,animalização,Sim,Notícia política,instagram,
id_75,13/03/2026,,mateus_guido,2066,"Bicha porca comunista que merdas defendem, bandido de merda igual ao luladrão…",6,"Publicação que chama o ministro do STF, FLávio Dino, de porco comunista e bandido, igual ao presidente Lula (na visão do autor)","Em breve o destino da corja será em presídios de segurança máxima, corruptos! 🇧🇷",infra,Flávio Dino e o presidente Lula,animalização,Sim,Notícia política,instagram,
id_76,18/11/2024,,maiara_a_estranha,7033,"Porco facista. Sob Tarcísio, policia de SP matou quase 60% mais adolescentes que gestão anterior",62,"Post que chama Tarcísio, governador de SP, de porco facista, a partir da notícia que policia de SP matou quase 60% mais adolescentes que gestão anterior","Eu já ia compartilhar direto da Brasil de Fato, mas sua edição foi mais cativante, não sei pq",infra,Tarcísio de Freitas,animalização,Sim,Notícia política,instagram,
id_77,04/03/2026,,vbrasilnews,1145,"ESQUERDOPATAS COMUNISTAS PETISTAS SÓ VEIO PARA ENGANAR, ROUBAR, MATAR E DESTRUIR 🔥🔥👹👺👹👺🔥🔥.",23,"Publicação que chama o esquerdismo de doença grave e de ""satanismo puro"". Por, segundo o autor, os esquerdistas protestarem pela morte do líder do Irã",,supra,Grupo político da esquerda,demonização,Sim,Imagem política,instagram,
id_78,08/01/2024,,metalsemfacho,16200,Bozo na cadeia !!! Fora fachos !!! ✊✊✊🤘🔥🤘🏴🚩,703,"Post que satiriza o dia 08 de janeiro como o dia do patriota otário, colocando a figura do eleitor de Bolsonaro como um boi/gado",Anistia é o kar@#$. / Avisa o.patriotario que só faltam 16 anos 😂😂😂/ Que Bolsonaro seja preso!!! E que os fascistas sejam desmascarados!!,infra,Bolsonaristas,animalização,Sim,Charge,instagram,
id_79,10/11/2022,,antiopressor,3750,Serviu pra nos fazer rir muito com os memes😂😂😂,701,Post que satiriza os eleitores de Bolsonaro que ficaram esperando na frente dos quartéis um possível golpe de Estado após Bolsonaro perder a eleição,que moral vc tem pra falar alguma coisa?? vc defende b@ndido!!/ Crime Brasil compensa.,infra,Bolsonaristas,animalização,Sim,Charge,instagram,
id_80,02/04/2024,,oscarjayme,1504,Porcos fardados.,32,"Publicação que critica as ações policiais, especialmente por conta do racismo implícito. O autor os chama de porcos fardados.", Cabou minha paciência há décadas. 🤬🤬🤬🤬🤬 / 😢😢😢😢😢,infra,Policiais,animalização,Sim,Charge,instagram,
id_81,25/03/2025,,brasil_247,409000,"Preparem os pneus, Bolsonaro vai virar réu!",3645,"Post que satiriza o eleitor de Bolsonaro, o chamando de gado e que, na imagem, estaria rezando para um pneu para que Bolsonaro não seja preso","Papuda lhe espera 😂😂😂/ Sua mãe tá sem cliente? Pra postar isso, só pode",infra,Bolsonaristas,animalização,Sim,Charge,instagram,
id_82,01/01/2023,,pt_partido_das_trevas,1022,Este verme não me representa,17,"Post com retrato do Lula em que o autor enfatiza que ele, Lula, é um verme e não o representa",Vai chorar na cama que é lugar quente bebezinho 👶,infra,O presidente Lula,animalização,Sim,Imagem política,instagram,
id_83,15/10/2023,,marciocaetanoo,1252,VERME DESGRAÇADO LULA dos INFERNO,1,"Post que chama Lula de verme desgraçado dos infernos, por, segundo o autor, Lula ""financiar"" o genocídio de crianças de Israel cometido pelo Hamas",,infra,O presidente Lula,animalização,Sim,Notícia política,instagram,
id_84,27/12/2025,,carolineaguiar23,1596,Lula seu capeta demônio,,"Publicação que critica Lula, o chamando de capeta e demônio, por conta da notícia que a coca-cola terá um aumento de 30% por conta dos impostos",,supra,O presidente Lula,demonização,Sim,Notícia ,instagram,
id_85,28/09/2025,,rubinhonunes.sp,686000,O esquerdista caindo na mesma conversa 😂,5560,"Post que retrata o eleitor de Lula como um burro, e que cai na armadilha de dar o voto a Lula por conta de supostas promessas, como picanha em 2022, e o gás em 2026","Bem assim/ Se petista pensasse, não seria petista 🐴",infra,Grupo político da esquerda,animalização,Sim,Imagem política,instagram,
id_86,01/03/2026,,cleitinhocomedio,59700,Bolsonaro carregando seu eleitor😂,8069,"Publicação com uma imagem em que Bolsonaro estaria carregando um jumento, que, na visão do autor, seria o eleitor dele",,infra,Bolsonaristas,animalização,Sim,Imagem política,instagram,
id_87,26/12/2025,,michelnoticias,61900,Animal da pior espécie e anda sempre acompanhado de uma ninhada que rouba e consome tudo que toca!,1083,"Post que trata Lula como um rato e ladrão, e que, na visão do autor, quebrou o Brasil","Grande verdade 💩/ Verdade mesmo falou tudo parabéns a você / Vai quebrar mais,demonio ",infra,O presidente Lula,animalização,Sim,Imagem política,instagram,
id_88,12/04/2025,,nathanfelipe.r,21700,"Animal em extinção, se ver ele, capturar imediatamente !",7143,"Post que coloca Lula como um mico-""ladrão""-""safado"", como um animal.",Isso é um desrespeito ao mico leão 😂😂😂 / Não compara ladrão com os animais/ Ta vermelho de vergonha hein seu…,infra,O presidente Lula,animalização,Sim,Imagem política,instagram,
id_89,09/11/2025,,laurorodriguesdf,542, A vida difícil do gado bolsonarista..... 🤣🤣🤣🤣🤣🤣🤣🤣,46,"Publicação que coloca o eleitor bolsonarista como um gado, e por conta das ações de Donald Trump, ele teria que mudar suas ideias sobre o bolsa família",Não tem não. Fica no seu mundinho😂😂😂😂😂😂😂😂,infra,Bolsonaristas,animalização,Sim,Charge,instagram,
id_90,07/02/2025,,jimmydaccarett,1670,"¿Trump: demonio, payaso o ambos?",15,Publicação que retrata Donald Trump como um demônio e como um palhaço,Demonio / una caca,supra,Donald Trump,demonização,Sim,Imagem política,instagram,
id_91,18/12/2025,,zackattackbos,639,Trump demon,5,Post que retrata Donald Trump como um demônio,,supra,Donald Trump,demonização,Sim,Imagem política,instagram,
id_92,19/01/2026,,royal_life_europe,17000,Trump accepts his truest prize.,12,"Post que retrata Donald Trump fazendo um ""acordo"" com o demônio para se tornar um",,supra,Donald Trump,demonização,Sim,Imagem política,instagram,
id_93,09/03/2026,,veranevessilva07,1542,"Benjamin Netanyahu - Donald J. Trump Destacar Trump International Hotel Las Vegas Donald Trump Jr. Team Trump Assasinos!!!... Toda vida para Deus é igual, essa bandido desgraçado, demônio, queimou já milhões de mulheres vivas, seus filhos bebezinhos(a) meninas e garotos, covardes ambiciosos. Covardes, não tem políticas Sociais para ajudar a humanidade, eles resolvem tudo com guerra levando vidas de inocentes!!!",14,"Publicação que retrata  Benjamin Netanyahu como assassino, demônio e bandido por conta das suas ações na Palestina e no Irã, onde seria responsável pela morte de milhares de crianças e mulheres",O líder da direita no mundo / O ídolo da direita brasileira,supra,Benjamin Netanyahu,demonização,Sim,Imagem política,instagram,
id_94,16/01/2026,,instituto.soyuz,35400,Um verme desses fez questão de ir na casa da MÃE do presidente para jogar SAL GROSSO no terreno. Um desrespeito digno de um VERME! Que seres como ele sejam combatidos!,2269,"Post que coloca Renan, pré candidato a presidência pelo partido missão, como um verme, por ele ter ido até a casa da mãe do presidente Lula jogar Sal grosso.","Um verme da pior espécie./ Esse é o Renan, dono do MBL, camaradas / Heroi",infra,Renan Santos,animalização,Sim,Imagem política,instagram,
id_95,14/03/2026,,charges_caradascaras,6320,Lugar de rato não é na TV,129,"Post que coloca o apresentador Carlos Massa como um rato, e que, por conta das suas falas transfóbicas no programa da semana do dia 09/03 em direção a Erika Hilton, ele não deveria estar na televisão.",Vdd,infra,Carlos Massa ,animalização,Sim,Charge,instagram,
id_96,28/12/2025,,zumaluma_resistencia,34100,"OS RATOS AINDA ESTÃO NO PODER‼️
",62,"Post que retrata Tarcísio Freitas, Ricardo Nunes e Bolsonaro como ratos"," Vermes, RATOS!/ Literalmente manter os dois ratos no poder é manter a ratazana ainda pulsando no esgoto. #foratarcisio #foraricardonunes #semanistia / Somente o voto pra exterminar essas pragas. #foraricardonunes #foratarcisio #tarcísiocanalha #semanistia #semanistiapragolpistas",infra,"Tarcísio de Freitas, Ricardo Nunes e Bolsonaro",animalização,Sim,Imagem política,instagram,
id_97,04/05/2023,,petista_arrependida,123,Lula rato,13,Post que retrata Lula como um rato,,infra,Lula,animalização,Sim,Imagem política,instagram,
id_98,02/03/2026,,cablog,1740,ANJOS VÍTIMAS DOS DEMÔNIOS,19,"Publicação que chama os EUA e Israel de demônios por conta das guerras provocadas por eles. Além disso, os intensos bombardeios que mataram milhares de crianças ",Que tristeza ! Acho que tinha que colocar esses 02 líderes num campo e sai na P* e quem vencer sagraria-se o vencedor. Mas eles mesmo não estão na guerra./ ,supra,EUA e Israel,demonização,Sim,Notícia,instagram,
id_99,07/03/2026,,metalsemfacho,16200,Os vermes chafurdam em sangue inocente. Que Teerã resista ao ataque covarde da serpente imperialista e sionista 🇮🇷 ✊✊✊🚩🚩🚩🏴🏴,217,"Post que coloca Donald Trump e Benjamin Netanyahu sujos de sangue. O autor os chama de vermes por conta das suas ações bélicas no Irã, em que milhares de inocentes foram mortos","Pela primeira vez na vida, torço pelo Irã. Mas, na verdade, não há heróis nessa Guerra, de ambos os lados. Vai vencer aquele que resistir mais e tudo começou porque querem encobrir o escândalo sexual de Epstein com bilionários sendo envolvidos, incluindo o próprio Trump. O Petróleo é outro fator da Guerra, mas há muitas outras coisas que motivam isso tudo que está ocorrendo e não estamos sabendo ainda. / eu desejo hoje é que o Irã jogue uma bomba na casa Branca com Trump e os bilionários dentro!",infra,Donald Trump e Benjamin Netanyahu,animalização,Sim,Imagem política,instagram,
id_100,23/07/2025,,perolavervik,4502,STOP THE MONSTER NETANYAHU! STOP THE GENOCIDE!,187,"Post que retrata Benjamin Netanyahu como um monstro, um demônio, por conta das ações dele em Gaza",Um demônio / Maldita caricatura boa! Ele não é melhor que Hitler! 🤯😡,supra,Benjamin Netanyahu,demonização,Sim,Imagem política,instagram,
id_101,21/05/2025,,qtv_noticias_sin_filtro,1162,El asesino Netanyahu es el mismo demonio,2,Publicação que coloca Benjamin Netanyahu como um assassino e demônio,,supra,Benjamin Netanyahu,demonização,Sim,Imagem política,instagram,
id_102,13/04/2025,,wspdelarocha,2226,"TODOS políticos são vermes asquerosos!!! É o povo brasileiro que sustenta esse CANALHA MALDITO,além dessa mansão de R$10 milhões Artur Lira possue mais de 100 fazendas nos estados de Alagoas e Pernambuco!!! Isso tudo pertence ao povo brasileiro seu Ladrão",,"Post que chama todos os políticos de vermes asquerosos, após Artur Lira comprar mansão de 10 milhões",,infra,Políticos,animalização,Sim,Notícia política,x,
id_103,08/08/2025,,ThaisHe66176476,15200,"Hugo Mota e Davi Alcolumbre, dois vermes políticos, corruptos e safados. Tenho certeza que muito em breve, iremos expurgar esse tipo de gente, da vida pública brasileira.",18,"Publicação que retrata Hugo Mota e Davi Alcolumbre como vermes, corruptos e safados",Mais 72 hora…,infra,Davi Alcolumbre e Hugo Mota,animalização,Sim,Imagem política,x,
id_104,22/02/2026,,ThaisHe66176476,15200,Três vermes políticos que conduziram o Brasil ao fundo do poço.......,25,"Post que coloca Lula, Hugo Mota e Davi Alcolumbre como vermes, que seriam culpados pela situação atual do Brasil","Rabo presos / Vagabundos, Bandidos Ladrões",infra,"O presidente Lula, Davi Alcolumbre e Hugo Mota",animalização,Sim,Imagem política,x,
id_105,29/05/2025,,KalangoFertunga,28100,"ESSES DOIS CORRUPTOS ESTÃO NEGOCIANDO COM OS URUBUS DE TOGA OS SEUS PROCESSOS DE CORRUPÇÃO PELA A ANISTIA DOS PRESOS POLÍTICOS, E EM TROCA CONDENAR O PRESIDENTE BOLSONARO PARA NÃO DISPUTAR A ELEIÇÃO DE 2026. VERMES LAZARENTOS!😡😡",24,"Post que retrata Hugo Mota e Davi Alcolumbre como dois corruptos, vermes, por, segundo o autor, negociarem com o STF a prisão de Bolsonaro","Dois lixos desgraçados tem que ser varrido da vida pública / Pois é moreno... agora é contigo, tu vai mobilizar as massas ou vai esperar que o sistema se ""ajeite sozinho""? Sem pressão popular, NO GAME!",infra,Davi Alcolumbre e Hugo Mota,animalização,Sim,Imagem política,x,
id_106,18/12/2025,,rangelteve,558,"nem parece que no local onde a repórter está no dia 8 de janeiro um bando de inseto, vermes invadiram e destruiram tudo e tem gente que defende e políticos do outro lado articulam ""perdão"" pelo o que fizeram triste",1,Publicação que retrata os manifestantes do 08 de janeiro de 2023 como vermes e insetos por querer o perdão pelo que fizeram,,infra,Manifestantes do 08 de janeiro de 2023,animalização,Sim,Notícia política,x,
id_107,31/07/2025,,Rogerio30980229,10,"Parabéns, vermes políticos bandidos, vocês conseguiram destruir um país rico em tudo e sem problemas climáticos. Mas com o pior câncer do planeta . Ladrões políticos.",,"Post que chama os políticos de bandidos e vermes, por, segundo o autor, destruírem o Brasil mesmo sem desastres climáticos.",,infra,Políticos,animalização,Sim,Notícia política,x,
id_108,09/02/2025,,MarcelloGraca,112,"💯% CORJA NEFASTA DE VERMES ""POLÍTICOS"" CORRUPTOS TOGADOS COVARDES DITADORES COMUNISTAS ANTIPATRIOTAS INESCRUPULOSOS💩🦑🧑‍🦲🍉💰💰💰🇧🇷💸💸💸🤢😞😭",,"Post que retrata os ministros do STF como vermes, corruptos, ditadores, comunistas, antipatriotas e covardes.",,infra,Ministros do STF,animalização,Sim,Imagem política,x,
id_109,07/03/2026,,paulodetarsog,122400,"A esquerda e os seus demônios não gostam de diálogo, tampouco de democracia.",85,"Publicação que chama a esquerda e seus políticos de demônios por, segundo o autor, a esquerda não gostar de diálogo e da democracia",Mas vc tem q concordar em uma coisa. Os caras tiveram 4 anos pra encontrar quem mandou dar a facada… e nem isso conseguiram. Meio bizarro isso…,supra,Grupo político da esquerda,demonização,Sim,Notícia política,x,
id_110,18/07/2018,,respondesbrasil,3368,"Se juntar os Vermes da esquerda, os Políticos de esquerda e esta rede de Tv Globolixo!! Não vale nada...",36,"Post que chama a esquerda e os políticos da esquerda de vermes e a rede globo de lixo por, segundo o autor, apoiarem pedófilos",Malditos pedófilos fdps ! / globo lixo,infra,Grupo político da esquerda e a rede Globo,animalização,Sim,Notícia política,instagram,
id_111,21/01/2026,,hamiltonrockandroll,1089,"Os gados 🐂🐄🦬🐄🐃🐂estão soltos, e o vaqueiro está preso🤣🤣🤣🤣",7,"Publicação que satiriza os manifestantes da caminhada de Nikolas Ferreira como ""gados soltos"" e vagabundos",,infra,Bolsonaristas,animalização,Sim,Imagem política,instagram,
id_112,18//03/2026,,sergioF0494068,81,"Como sempre, os porcos atacando civis.",2,Post que retrata o Irã como um porco que ataca civis com o aval da ONU,,infra,Irã,animalização,Sim,Charge,x,
id_113,16/03/2026,,cianurosex,8470,Os Óscares tornaram-se em mais um ninho de wokes e porcos esquerdópatas... #Oscar,23,"Publicação que retrata os visistantes do óscar como wokes e porcos ""esquerdopatas""",E há bestas que acham que se não ficasse assim os que limpam ficariam sem trabalho São aqueles que limpam à volta da barata,infra,Entusiastas de Óscar,animalização,Sim,Imagem política,x,
id_114,07/02/2023,,Choquei,9400000,"BRASIL: Piloto de avião que xingou nordestinos de ""porcos, nojentos, relaxados"" foi condenado a pagar uma multa de R$ 25 mil e ler um livro sobre o tema.",3000,"Notícia que traz um post de um piloto que chama os nordestinos de porcos, nojentos e relaxados. Ele foi condenado a pagar 25mil de multa",,infra,Nordestinos,animalização,Sim,Notícia política,x,
id_115,05/03/2026,,cida11081952,4454,"Não dá pra limpar o chiqueiro com os porcos dentro, senadofederal stf_oficial. FORA MORAES",17,"Post que trata os políticos do Brasil e o STF como porcos, além de pedir a saída de Alexandre de Moraes","Isso aí, frase boa, não dá para limpar 🧹 c/os bichos dentro, a frase + adequada para alguns dos nossos ministros do STF nessa composição de momentos, em especial ao Moraes e Toffoli, já o Gilmar Mendes e o Flávio Dino tá alí praticamente juntos...
Em razão dos noticiários é necessário a imediata saída deles... ",infra,Políticos e  Alexandre de Moraes,animalização,Sim,Imagem política,x,
id_116,07/02/2026,,Luiz_on_x,19900,"Os robozinhos da direita podem colocar quantas notas de comunidade quiserem, mas a VERDADE não vai desaparecer por isso! A Privatização que Bolsonaro fez na BR distribuidora FUDHEU O POVO e enriquece os empresários inescrupulosos!",5,"Publicação que critca a privatização que Bolsonaro fez nas refinarias, e chama os eleitores de direita de robozinhos",,quase,Bolsonaristas,mecanização,Sim,Notícia política,x,
id_117,10/06/2024,,rony_locher,18100,Influenciadores do PT nas redes sociais ... Robozinhos de 2 neurônios ...,26,Post que chama os influenciadores do Partido dos Trabalhadores (PT) de robozinhos de 2 neurônios,"""gabinete da ousadia"" 😂 vulgo, gabinete do ódio pt 🤔 / Direita européia dizendo em campanha eleitoral que países do continente precisam financiar comparsas golpistas na África e América Latina e assim voltar a surrupiar os imensos recursos dessas regiões.... Só picaretagem....rsrsrsrsrsrs kkkkkkkkk rsrsrsrsrsrs kkkkkkkkk",quase,Partido dos Trabalhadores (PT),mecanização,Sim,Notícia política,x,
id_118,10/04/2025,,PrimeiroFront,153900,"ÚLTIMA HORA: Nasi da ""Banda Ira"" quebra silêncio e se pronuncia após cancelamentos ""Houve um bombardeio desses fascistas, eles agem de maneira fascista, esses caras que estão enchendo o saco, robozinhos, todo mundo sabe como o gabinete do ódio age""",9000,"Notícia que diz que Nasi, da Banda Ira, se manifesta contrário ao posicionamento de pessoas de direita em algumas cidades do Sul do Brasil, e, por isso, cancela o show.  ""Houve um bombardeio desses fascistas, eles agem de maneira fascista, esses caras que estão enchendo o saco, robozinhos, todo mundo sabe como o gabinete do ódio age""","Pois é. Esses mesmos robozinhos facistas pagavam ingressos para os shows dele. Agora não vamos pagar mais. / Uma pessoa chamada Nasi, de uma banda chamada Ira, nos acusam de discurso de ódio. Nos chamam de intolerantes, mas não toleram quem pensa diferente em seus shows. / Falou Nazi, um dos artistas das antigas com fama de fascistas e arrogante, detestado por muitos do meio…carrega no apelido o que traz no comportamento!",quase,Bolsonaristas,mecanização,Sim,Notícia política,x,
id_119,03/11/2025,,SilvaWaldii9750,6201,"Para horror da esquerda caviar e dos robozinhos programados para defender bandidos, Claudio Castro foi recebido com aplausos em plena missa, dias após a megaoperação que devolveu um pouco de ordem ao caos. Enquanto os militantes de sofá choram nas redes sociais.",1,"Post que critica a esquerda os chamando de rozbozinhos, por, ao contrário do que a esquerda esperaria, o governador do RJ, Cláudio Castro, foi aplaudido após a megaoperação que ocorreu no Rj",,quase,Grupo político da esquerda,mecanização,Sim,Notícia política,x,
id_120,21/12/2025,,mattiellosv,40900,"Porquê será que todo perfil de petista não tem a foto do Jumentinho, será vergonha, robozinhos criados pelo governo do amor? Fica a pergunta. 🤔🤔🤔🤔🤔🤔🤔🤔🤔",10,"Post que critica o perfil de petistas no x por não ter foto do ""Jumentinho"", e os chama de robozinhos",,quase,Eleitores do Partido dos Trabalhadores (PT),mecanização,Sim,Imagem,x,
id_121,22/03/2026,,Carlosfigosanta,163,"Estamos sendo invadidos por um monte de ""robozinhos"" comunistas no X  espalhando uma narrativa falsa sobre o Banco Master, mas a verdade é que Lolla e sua trupe estão até o último pentelho envolvidos nesse caso.
",,"Publicação que critica uma possível invasão de robozinhos comunistas no X espalhando notícias falsas sobre o caso do Banco Master. Na visão do autor, essas narrativas seriam apenas para livrar o presidente Lula e seus apoiadores",,quase,Eleitores do Partido dos Trabalhadores (PT),mecanização,Sim,Notícia política,x,
id_122,15/03/2026,,tuitedacris,432,"Somando os 7 PTistas, são 44.4 mi de interações nas redes sociais 😅 Só o meu amigo @FlavioBolsonarotem 49.7 mi de interações Os ""robozinhos do amor"" são demais! Continuem, tá dando muito certo.",,"Post que satiriza os eleitores da esquerda como robozinhos do amor. Na visão do autor, eles poderiam continuar com as interações, pois Flávio Bolsonaro, sozinho, ganharia deles",,quase,Grupo político da esquerda,mecanização,Não,Notícia política,x,
id_123,22/03/2026,,Ronygabriel_ofc,41700,"Os robozinhos do MBL não gostaram quando a verdade apareceu. Protesto seletivo contra o STF pode. Agora reconhecer que um bolsonarista fez a denúncia que embasou a decisão de André Mendonça? Aí não pode.Tentam jogar o Banco Master na conta da direita — nos mesmos moldes de Sidónio no GF . A atuação do MBL nesse caso é nula!  No fim, é só mais um episódio de crise de protagonismo dos adolescentes de 40 anos.Pega a pipoca 🍿",884,"Post que critica as ações do MBL e os chamam de robozinhos. Na visão do autor, a atuação do MBL no caso Master é nula, e eles seriam apenas adolescentes de 40 anos","Eu sou robô do Renan.😎 /  Não sei se o GPT dá essa importância toda.nao heim. / se o mbl é tão bosta, tão nulo, tãinsignificante porque vc fala dos caras todo dia? A insignificancia te encomoda tanto? Ou eles são grande demais para ser ignorados?Acho q é a ultima opção kkkkkkkkkkkkk",quase,MBL,mecanização,Sim,Notícia política,x,
id_124,12/03/2026,,pripalpitando,4652,Lixo de ser humano. Escória da sociedade. Mulherzinha escrota. Ranço é pouco. #BBB26,828,"Post que chama a participante Milena, do BBB26, de lixo, escória e escrota. Na imagem, ela é retratada como um demônio","EU PENSO IGUALLLL E FODA-SE uma q se dizia uma colega minha,havia respeito de ambas as partes,mas me deu blok / Lixo... que energia pesada.... / Essa menina quando sair vai precisar de um bom tratamento psicológico, aqui fora sem a milicia digital vai ficar bem difícil para ela. / Os dois espermatozoides ganharam. Veio em dobro. A demonia tem uma gêmea.",infra e supra,Milena do BBB26,animalização e demonização,Sim,Imagem de IA,x,
id_125,22/03/2026,,IzaOliv44326277,46400,Essa duas siglas são iguais. Partido da escória!!,72,"Publicação que chama o PSOL e o PT de escórias. Na notícia, o PSOL se recusa a se unir com o PT em 2026",É uma figura tão abjeta q sequer consegue fazer um sucessor. / Só troca a bund@ pq a merd@ é a mesma  / Mas Boulos se muda para o PT pq a esquerda é Hipocrita,infra,PSOL e Partido dos Trabalhadores (PT),animalização,Sim,Notícia política,x,
id_126,22/03/2026,,salsucha,1620,Finalmente meu voto único nessa escória !!!! #BBB26 #RedeBBB,7,"Post que chama o participante do BBB26, Juliano Floss, de escória",,infra,Juliano Floss do BBB26,animalização,Sim,Notícia de BBB,x,
id_127,19/03/2026,,xregis61,6088,"TARCÍSIO E FLÁVIO: DUAS FIGURAS TÍPICAS DO BOLSONARISMO — UM COM PLANILHAS DE RACHADINHA DISFARÇADAS DE GESTÃO, OUTRO COM HISTÓRICO DE LARANJAS E FAVORES. ESCÓRIA REFINADA.",29,Publicação que chama Tarcísio de Freitas e Flávio Bolsonaro de escórias. A notícia diz que Tarcísio rejeita aliança com PL,"Bolsonaros nunca mais / É isso ai, briguem bastante.",infra,Bolsonaristas,animalização,Sim,Imagem política,x,
id_128,19/03/2026,,ThaisHe66176476,15300,"Tanto a Xuxa quanto esse atual desgoverno PTista, pertencem a escória da humanidade.  E o que esperar da escória ? Nada além disso.",128,Publicação que chama Xuxa e o governo do PT de escórias da humanidade,"Minha linda amiga, isso chama-se hipocrisia. Que moral tem essa senhora  @xuxameneghel para fazer uma campanha deste nível? /  Agora uma velha, de que adianta se envergonhar por ter protagonizado uma das piores promiscuidades dos anos 80, perdeu a moral vovó!",infra,Xuxa e o Partido dos Trabalhadores (PT),animalização,Sim,Notícia política,x,
id_129,14/03/2026,,NikolleBrasil,3097,Tudo que há de pior no Brasil resolveram se abraçar e se unir a um só movimento contra a direita brasileira: MBL – a central de coleta de escória nacional.,236,"Post que chama o MBL de escória nacional por ser contra a direita brasileira. Na visão do autor, o MBL reune tudo que a de pior no Brasil","O amargurado está desesperado / Kkkkk e depois o mbl vem falar q é a verdadeira direita, sendo q eles andam lado-a-lado com os esquerdista kkkkkk /  Bolsonarismo e petismo se juntar pra cassar o Arthur: Pode 👍🏻 MBL pedir impeachment de um vagabundo traidor com a oposição: Aí não pae 👍🏻 A irmão plmds, esse ano vcs se juntaram com PT pra votar no gás do Lula e pra aumentar salarios da câmara. Sem contar a PEC da blindagem né? ",infra,MBL,animalização,Sim,Imagem política,x,
id_130,19/03/2026,,xregis61,6088,"ESSE QUINTETO INFERNAL DE GOVERNADORES BOLSONARISTAS É A ESCÓRIA DA POLÍTICA: ENRIQUECEM COM ICMS NO COMBUSTÍVEL, SANGRAM O POVO NA BOMBA E POSAM DE VÍTIMAS. HIPOCRISIA PURA, CANALHAS SEM VERGONHA!",29,Post que chama os governadores bolsonaristas de escória infernal por enriquecerem e fazer o povo sangrar nos altos custos de gasolina,Não votem em Governadores Inimigos do Povo!! Eles São Contra Fim da Escala 6x1,infra e supra,"Tarcisio de Freitas, Ratinho Junior, Romeu Zema e Ronaldo Caiado",animalização e demonização,Sim,Imagem política,x,
id_131,20/03/2026,,bragaantonio979,7209,"A ESCÓRIA MIDIÁTICA CORPORATIVA, O CÂNCER DO POVO BRASILEIRO!!!!",240,Publicação que chama a imprensa brasileira de escória e câncer do povo brasileiro,Funcionários da Globo lamentando e se mordendo de raiva da vitória do Lula em 2022 /  GLOBOMÁFIA GLOBOMASTER / JORNALIXO GLOBOMASTER LAVAJATISTAS SAFADOS,infra,Imprensa brasileira,animalização,Sim,Imagem política,x,
id_132,14/03/2026,,o_incensuravel,45400,Essa escória precisa ser demitida em outubro.,5000,"Post que chama os deputados da esquerda de escórias. Na visão do autor, esses deputados supostamente votaram contra aumentar pena para estuprador","A lista é imensa / Lixo. Com o perdão da palavra... /  São 513 deputados eleitos na Câmara, mas só 27 dependeram dos próprios votos para se eleger. É muito parasita para sustentar! / Samia Bomfim teve o irmão morto metralhado no RJ por conta do tráfico e ainda me vota assim 🤯🥶🤢 que loucura!",infra,Deputados da esquerda brasileira,animalização,Sim,Imagem política,x,
id_133,17/12/2025,,PetroDivisa,184200,"Aquele loiro, Trump, está se comportando como o verdadeiro Krampus, o demônio oposto a São Nicolau, ao impor um bloqueio aéreo e naval a petroleiros para arruinar o Natal de TODOS os venezuelanos",8,"Publicação que retrata Donald Trump como um demônio, Krampus, após impor um bloqueio aéreo e naval à Venezuela na época do Natal","Meu Natal está arruinado, e não por causa de Trump, mas por causa do péssimo sistema hospitalar e de saúde do país e dos baixos salários, problemas que o país enfrenta desde antes de 2019, ano em que as sanções começaram; era ainda pior naquela época. / Maduro vem arruinando nossos Natais há mais de uma década. Desde 28 de junho do ano passado, ele foi instruído a deixar o poder, mas quer continuar oprimindo o povo... chega!",supra,Donald Trump,demonização,Sim,Imagem política,x,
id_134,26/12/2025,,RedPichacosa,33900,Este demônio não se cansa de assasinar!!!,1,Post que retrata Donald Trump como um demônio após Trump desejar um feliz Natal para terroristas após realizar ataques na Nigéria,,supra,Donald Trump,demonização,Sim,Imagem política,x,
id_135,20/02/2026,,destapandolose1,209900,O demônio pedófilo Trump está cercado por seus milhares de companheiros pedófilos e traficantes de crianças demoníacos que vivem entre nós.... 🎯,187,Post que coloca Donald Trump como um demônio pedófilo cercado por companheiros pedófilos e traficantes.,"Pelo amor de Deus, Donald Trump é o arcanjo Uriel, o mesmo que foi Isaías. / ",supra,Donald Trump,demonização,Sim,Imagem política,x,
id_136,28/02/2026,,jgsanguineto,16700,"Esta é a imagem do verdadeiro demônio do mundo moderno,  Netanyahu não usa chifres, mas faz Israel ser odiado justamente por apoiar o genocídio promovido contra vidas inocentes, o ataque ao Irã em conjunto com o pedófilo Donald Trump,  só mostra o desejo de matar desses monstros!",10,Publicação que retrata Benjamin Netanyahu como um demônio abraçado com outro demônio por apoiar o genocídio contra vidas inocentes.,,supra,Benjamin Netanyahu,demonização,Sim,Imagem política,x,
id_137,20/03/2026,,dansfelix,21600,Fico imaginando o cerebro do gado de esquerda que replica recorte descontextualizado de perfil de esquerda. A fala era sobre isso aí. 👍🏻,3,"Post que o autor chama os adeptos da esquerda de gado por, segundo ele, replicar cortes descontextualizados de notícias políticas",,infra,Grupo político da esquerda,animalização,Sim,Notícia política,x,
id_138,17/03/2026,,BrasilPost13,47800,"Felipe Neto foi certeiro, o lugar do Bolsonaro é na cadeia, o gado 🐮 não passa de um bando de pateta otários, falam da Lei Rouanet da cultura, mas fecham o Cool sobre a ""Lei Rachanet"" que os Bolsonaros inventaram  para roubar os cofres públicos ...    🤮      👇",313,"Post em que o autor chama os eleitores de Bolsonaro de Gado, patetas e de otários por serem coniventes com crimes de Bolsonaro.","Então manda o HERÓI de vocês prender, lembrando que o JANONES é um RACHADOR CONFESSO / Lugar de esquerdista corrupto é na cadeia vagabundo",infra,Bolsonaristas,animalização,Sim,Notícia política,x,
id_139,19/03/2026,,4i20Luizinho_13,2071,"Nikolas, Atualmente você é um dos CRISTÃO mais odiados do Brasil (amado apenas pelo gado falso moralista). Mas vai na fé parceiro, a gente só colhe o que planta. E você plantou muito discurso de ódio, racismo e homofobia. Aguenta às consequências e reforça a segurança.  Fica a dica!",4,Post em que o autor chama os eleitores de Nikolas Ferreira de gado falso moralista.,"Falou tudo, ele mesmo planta ódio e agora tá chocado com o ódio recebido, tipo Kirck mesmo!",infra,Eleitores de Nikolas Ferreira,animalização,Sim,Imagem política,x,
id_140,13/11/2025,,SilSil1038797,252,"O partido do PL está na merda e os políticos de extrema direita tbm estão derretendo, a internet está servindo para expor todos VCS ratos da extrema direita será difícil VCS elegerem maioria daqui pra frente👍 Traidores da pátria e do povo brasileiro👎",,"Publicação que a autora chama os políticos e eleitores da extrema direita de ratos. Na visão da autora, são traidores da pátria e do povo brasileiro",,infra,Políticos e eleitores da direita,animalização,Sim,Imagem política,x,
id_141,19/03/2025,,EdsonFilho74,18700,"Rio Grande do Sul é conservador e alguns políticos pensam em separar o estado do restante do país, mas quando houve a enchente todos esses ratos conservadores viraram as costas para os afetados pela tragédia.",25,"Post que retrata os conservadores do Rio Grande do Sul como ratos, pois, para o autor, eles viraram as costas para as pessoas que precisavam de ajuda com as enchentes no estado","Esse malandro é carioca, só usou os gaúchos para se eleger, não tá nem aí para o Estado.",infra,Políticos de direita do Rio Grande do Sul,animalização,Sim,Imagem política ,x,
id_142,18/08/2025,,Claudiotuck2017,51500,"CARLOS BOLSONARO DETONA GOVERNADORES: “RATOS, OPORTUNISTAS E CANALHAS”. ENQUANTO BOLSONARO É PERSEGUIDO E PRESOS POLÍTICOS SOFREM, ELES SE CALAM. FINGEM DEFENDER A DIREITA, MAS PENSAM SÓ EM PROJETOS PESSOAIS E NO MERCADO. SÃO CÚMPLICES COVARDES, NÃO PASSAM DE HERDEIROS PATÉTICOS DO LEGADO DE BOLSONARO.",84,"Post que diz que Carlos Bolsonaro chamou os governadores Romeu Zema, Ratinho Junior, Ronaldo Caiado e Tarcisio de Freitas de ratos, oportunistas e canalhas, pois, para eles, só os projetos pessoais imporrtam.","Meu presidente  é  Bolsonaro,  caso ele não  possa concorrer, votarei em que  ele indicar!! /  O Carlos  está certíssimo. Lamentável!🙄",infra,"Tarcisio de Freitas, Ratinho Junior, Romeu Zema e Ronaldo Caiado",animalização,Sim,Imagem política,x,
id_143,18/03/2026,,arielcansado88,9,"Haha, esses brasileiros são subhumanos",30,"Post em que o autor chama os brasileiros de ""subhumanos""","Sisi, macaco, llama a tus brasimios q dejen de venir a educarse gratis ava.",infra,Brasileiros,animalização,Sim,Imagem,x,
id_144,24/02/2026,,alexandersemX,2297,O Flávio Bolsonaro manda um todEs e um todXs e eu que sou petista? É um bando de parasitas e QI de orangotango estes bolsonaristas. Mas já dizia Jair Bolsonaro: são idiotas úteis.,35,Publicação em que o autor chama os bolsonaristas de parasitas com QI de orangotango,"Kkk eles viram aceno ao centro. /  ""aliados vêem aceno ao centro"".Como existe aceno ao centro dentro da centro-esquerda que já integra o centrão?Esse tipo de coisa faria sentido se o FláviE BolsonarE fosse de direita, porém a família só usou a direita para se eleger em 2018....",infra,Bolsonaristas,animalização,Sim,Notícia política,x,
id_145,19/03/2026,,mauroandrade,139,Os anos vão passando e esses parasitas sempre agarrados ao poder e cargos publicos ganhando milhões sem trabalhar..Enquanto isso quem não votou nesses malditos tambem paga o preço das escolhas dos brasileiros sem cerebro.,,"Post em que o autor chama os políticos de esquerda de parasitas malditos. Além disso, o autor chama os eleitores desses políticos de sem cérebro",,infra,Politicos da esquerda,animalização,Sim,Notícia política,x,
id_146,26/08/2025,,PauloCa80611047,120,LULA AO LADO DO PCC LULA AO LADO DE DITADORES LULA AO LADO DO HAMAS LULA AO LADO DO CRIME LULA AO LADO DO CAPETA Lula filho da puta  Lula verme,,"Post em que o autor chama Lula de filho da puta e verme, e que ele estaria lado a lado com o demônio",,infra e supra,O presidente Lula,animalização e demonização,Sim,Imagem política,x,
id_147,21/02/2026,,KauanCostabr,4045,"Helder Barbalho é o pior governador do Brasil atualmente. Se um dia alçar à Presidência da República, será mil vezes pior do que o PT e Lula foram. Acredite, esse político é a personificação do demônio.",42,"Publicação em que o autor chama Helder Barbalho, governador do Pará, de personificação do demônio","Vade retro Satana! / Ele me dá medo / Se você fosse inteligente, o atacaria e formaria militância para derrubá-lo. Mas, em vez disso, ataca justamente o Movimento Brasil Livre, que por coincidência também critica e combate esse sujeito , alguém de quem você diz não gostar.",supra,Helder Barbalho,demonização,Sim,Imagem política,x,
id_148,18/03/2026,,Prof_Leonelfer,70600,PARA  OS ACÉFALOS  QUE AINDA  VOTA  NESSE  LADRÃO  .O LULA 04 SERIA  O QUE ? QUE DEUS EM SUA INFINITA BONDADE  NOS LIVRE  DESSE DEMÔNIO. 😈👹,146,"Post em que o autor chama Lula de demônio, e os eleitores dele de acéfalos","Bandido esse Luis Inácio, atrasou o desenvolvimento do Brasil em 40 anos / LULA QUATRO, HIPOTETICAMENTE, SERIA A REALIZAÇÃO FINAL DO MAIOR LADRÃO QUE JÁ OCUPOU A PRESIDÊNCIA DESTE PAÍS: A ENTREGA DEFINITIVA DA SOBERANIA BRASILEIRA PARA SEU ÍDOLO, SUA FONTE INSPIRADORA, A RAZÃO DE MUITAS NOITES DE INSÔNIA, SUA MAGESTADE XI JINPING!!!",supra,O presidente Lula,demonização,Sim,Imagem política,x,
id_149,21/03/2026,,politicacoco,1938,Partido mais bandido do Brasil . Esse partido político do capeta precisa ser extinto do cenário político brasileiro.,3,Post em que o autor coloca o Partido Liberal (PL) como um partido do capeta e que precisa ser extinto,,supra,Partido Liberal (PL),demonização,Sim,Imagem política,x,
id_150,21/03/2026,,Fontes_novo,1836,A imagem que resume essa emissora do capeta.,2000,Post que o autor chama a Rede Globo de emissora do Capeta,"Quem bom, daqui a pouco a globo mira de novo no presidiário inelegível relaxe. / Eu não  gostava da globolixo, mais tô pensando diferente kkkkk / A Globo foi bancada pela CBS/CIA. A familia marinho sao VADIAS AMERICANAS DE LONGA DATA!!! Reparem no Jornal MENTIMAL sempre tem bandeira do USA tremulando. Eles pagam pau direto todos os dias. Extrato do livro ""Tales-from-the-global-underground-economy""",supra,Rede Globo,demonização,Sim,Imagem política,x,
id_151,13/09/2025,,EsquerdaLibre,12600,"Maioria da população é favorável à prisão de Bolsonaro. CHEGA ! Um minoria barulhenta não pode nos fazer de reféns: Queremos que o país ande e que projetos que BENEFICIEM O POVO, como o fim da escala 6x1 e a Isenção do Imposto de Renda, avancem ! EU SOU UM ROBÔ DO LULA !",14,"Publicação em que o autor se coloca, de maneira irônica, como um robô do Lula como uma forma de contestar discursos oposicionistas","vtmnc/ Que lixo!!! Fale por você!!! Maioria, ah tá / Onde fizeram essa pesquisa? No presídio?",quase,Grupo político da esquerda,maquinização,Não,Notícia política,x,
id_152,10/01/2026,,marcoangeli,96600,Ratos: Os primeiros a abandonar o navio,65,"Post em que o autor coloca Fernando Haddad e Lewandovski como 2 ratos que abandonaram o ""navio"" que está afundando, na visão do autor.",,infra,Fernando Haddad e Lewandovksi,animalização,Sim,Imagem política,x,
id_153,14/02/2026,,goatfelp,367,"Hipócritas, ratos sujos e corruptos, escória  @FCBarcelona ESCÓRIA",,"Post em que o autor chama o Barcelona, a equipe, de hipócritas, ratos sujos e corruptos.",,infra,FCBarcelona,animalização,Sim,Imagem esportiva,x,
id_154,14/10/2025,,LessaSanta,2804,Os ratos fazendo a festa! Nunca antes esteve tao facil roubar no Brasil como atualmente; Um paraiso para corruptos.,12,Post que retrata os políticos da esquerda como corruptos e ratos,,infra,Políticos da esquerda,animalização,Sim,Notícia política,x,
id_155,20/08/2025,,LiadeSousa1,78600,"A covardia é a verdadeira face dos corruptos e da burguesia brasileira. Submissa, servil e nojenta. São ratos e baratas que se locomovem pelos esgotos da história brasileira.",47,"Post que retrata os políticos da direita, especialmente Tarcísio de Freitas, como ratos e baratas, corruptos e nojentos",Deram uma maquiada na cara de chapisco / Kkkkk. Acho você tinha que ficar preocupada com o Xandecu.,infra,Políticos da direita e Tarcísio de Freitas,animalização,Sim,Notícia política,x,
id_156,22/07/2025,,CruzEd4,2968,"OS RATOS DO CONGRESSO TENTAM CONVENCER O GADO E OUTROS BICHOS, QUE NÃO SÃO OS RATOS CORRUPTOS QUE CORROEM A DEMOCRACIA. ",2,"Post que trata os políticos do congresso como ratos. Além disso, coloca os eleitores políticos como gados",,infra,Políticos,animalização,Sim,Charge,x,
id_157,10/03/2026,,matias_tailor,7326,A famílicia de ratos corruptos.🐀🐂🐔,5,Post que retrata Lula e seus familiares como ratos corruptos,,infra,O presidente Lula e seus familiares,animalização,Sim,Imagem política,x,
id_158,27/03/2025,,matias_tailor,7326,"A ""arca de Noé"" com seus dinossauros corruptos, com piranhas prostitutas, com porcos imundos, com babuínos ladrões, com ratos  pilantras, com vermes covardes, com urubus carniceiros, com baratas pestilentas, com minhocas sujas, estes fazem parte do consórcio de destruição Brasil.",3,"Post que chama Lula e seus aliados de dinossauros corruptos, vermes covardes, ratos pilantras, porcos imundos, baratas pestilentas, minhocas sujas, urubus carniceiros.",,infra,O presidente Lula e seus aliados políticos,animalização,Sim,Imagem política,x,
id_159,09/05/2025,,MarcosA18831999,31800,"""Mandam"" pq não tem HOMENS no congresso. Tem lá um saruê e um batoré corruptos, e ainda vão aumentar a ninhada de ratos 🐀 🐀 🐀 🐀 🐀",524,Publicação que coloca os ministros do STF como ratos corruptos,"Estamos vendo juízes sem votos, mandando em deputados eleitos pelo povo, pode isso Arnaldo  / STF de merda. Mas é só não aceitar. Matar ou morrer / Ou matar ou morrer só assim nesse país do Lula. Tudo culpa do mequetrefe do Lula. Desmoralizou geral. Quem paga de qualquer jeito é o povo pobre",infra,Ministros do STF,animalização,Sim,Notícia política,x,
id_160,02/03/2026,,Prof_leonelfer,70600,OS RATOS  INVADIRAM  A REPUBLICA  FEDERATIVA DO BRASIL  : VAMOS USAR O NOSSO  VOTO PARA EXTERMINAR  ESSES CORRUPTOS E LADRÕES  !!,51,"Publicação que retrata o Brasil sendo invadido por ratos. Esses ratos, para o autor, seriam os políticos corruptos e ladrões","Professor,e o pior que não é o nosso voto que decidi. É o sistema podre e corrupto eleitoral que decidi,o povo apenas vota por obrigação. / Se o Flávio entra,  tiramos ratos de esquerda para colocar ratos da direita.",infra,Políticos,animalização,Sim,Charge,x,
id_161,30/09/2024,,ssocorrosantoss,4558,"Dia 6 de outubro é dia de exterminar os RATOS de qualquer partido. Tenderam?  Antes de votar, pesquisem a vida pregressa do candidato. Não votem em corruptos, indiciados, quem tem processos… #EleicoesMunicipais2024",11,"Post que retrata os políticos como ratos, especialmente os de esquerda. Na visão da autora, as eleições seriam uma forma de exterminar esses ratos",,infra,Políticos,animalização,Sim,Imagem política,x,
id_162,27/08/2025,,kakabelaz,7291,PEC DA BANDIDAGEM  Ratos corruptos,15,Publicação que retrata os bolsonaristas  como ratos corruptos,,infra,Bolsonaro e seus eleitores,animalização,Sim,Notícia política,x,
id_163,28/04/2025,,paulomansur_,140800,"Bolsonaro foi cuidadoso na compra das vacinas, analisou contratos e se preocupou com a eficácia do que estava sendo oferecido à população. E por causa disso vem sendo alvo de calúnias e mentiras, e até chamando de genocida. Enquanto isso, os ratos corruptos fizeram a festa, e todo mundo segue em silêncio. Por que será?",3,Post que trata os políticos adversários de Bolsonaro como ratos corruptos ,,infra,Políticos adversários de Bolsonaro,animalização,Sim,Notícia política,x,
id_164,30/04/2025,,RealThe51059,2465,"RATOS DO LARGO, CORRUPTOS",1,Publicação que retrata os socialistas como ratos corruptos,,infra,Socialistas,animalização,Sim,Relato pessoal,x,
id_165,12/03/2026,,Llamingo77,226,"Estamos gobernados por demonios, vestidos de políticos…",,Post que retrata os EUA como demônios vestidos de políticos,,supra,EUA,demonização,Sim,Notícia política,x,
id_166,10/01/2026,,meridarebelde18,6701,"NO QUIEREN SOLTAR A LOS PRESOS POLÍTICOS..!! Éstos 4 demonios no se quieren rendir pero les va a costar muy caro, estan jugando con fuego y al Presidente Donald Trump no le temblará la mano para ordenar una segunda vuelta, si creen que ""se las saben todas"" están equivocados.",,"Publicação que coloca 4 líderes do governo de Maduro, da Venezuela, como demônios por não se renderem a Donald Trump",,supra,Aliados de Nicolás Maduro,demonização,Sim,Imagem política,x,
id_167,28/02/2026,,EuRobo36,13900,"Os robozinhos de Nikole (@nikolas_dm) já estão agindo pra livrar a cara dele da responsabilização por ter melado o empréstimo à prefeitura de BH, que poderia ter criado condições para prevenção de enchentes.",34,Post que chama os eleitores de Nikolas Ferreira de robozinhos,Eu ainda fico chocada com o grau de cinismo da extrema direita.,quase,Eleitores de Nikolas Ferreira,maquinização,Sim,Relato pessoal,x,
id_168,20/03/2026,,bragaantonio979,7208,"PARASITAS DA NAÇÃO, DESDE SEMPRE!!!!!!",216,Post que retrata Bolsonaro e seus aliados como parasitas da nação,"Pergunte ao seu bandido de estimação qual o teor das conversas nos encontros fora da agenda que teve com o golpista do Master. / Eu aqui tentando ver paridade entre: ""parasitas da nação"" e ladrões da nação? 😛😜",infra,Bolsonaro e seus aliados políticos,animalização,Sim,Notícia política,x,
id_169,19/03/2026,,ziliotto_m84555,438,Esse miserável @geraldoalckmin é pior que o @LulaOficial DOIS VERMES IMUNDOS PARASITAS QUE QUEBRARAM O BRASIL! E TEM IMBECIL QUE APÓIA ISSO AI! FORA LULA FORA PT!,1,"Publicação que o autor trata o presidente Lula e o vice-presidente Geraldo Alckmin como 2 vermes, parasitas e imundos","Fora Alkimin a, Fora Jose Dirceu ! DEIXEM O BRASIL EM PAZ .",infra,O presidente Lula e o vice-presidente Geraldo Alckmin,animalização,Sim,Imagem política,x,
id_170,05/03/2026,,S4toshis_Secret,1654,"Esses, senadores, e seus comparsas dos demais poderes são um bando de parasitas que sobrevivem apenas do suor do contribuinte, que paga impostos à força. Nada que presta sai deles. Meu total desprezo por todos esses vermes.",8,"Post que o autor chama os senadores de parasitas que sobrevivem do suor do povo brasileiro. Além dos senadores, o autor chama os demais poderes de vermes",,infra,Senadores,animalização,Sim,Notícia política,x,
id_171,23/02/2026,,RasputinCarva,8793,"Dois parasitas estatais que precisam um do outro para enganar o povo ! Voto num cachorro de rua, mas não voto nesses caras !",863,Publicação em que o autor chama o presidente Lula e Flávio Bolsonaro de males parasitas,"Então vota em quem vc quiser,  kkkkkkkkkkkkkkkkkkkk, não vai fazer falta, F22 e ✅ / Foi o que vcs disseram na última eleição e se lascaram seus podres / Em hipótese alguma eu voto num desses dois pilantras.",infra,O presidente Lula e Flávio Bolsonaro,animalização,Sim,Imagem política,x,
id_172,22/03/2026,,evandroratho,29500,"Esse é o preço de sustentar um monte de parasitas dos cofres públicos. E quem reclamar é fascista, né?",147,Post em que o autor chama os políticos de esquerda de parasitas ,Explica-se pelo Imposto para sustentar o estado sanguessuga e corrupto...,infra,Políticos de esquerda,animalização,Sim,Notícia política,x,
id_173,15/03/2026,,MimitweetBr,40600,Não basta bancar a turma  dos nordestinos parasitas.,70,"Post em que a autora chama os nordestino e os venezuelanos de parasitas por, segundo a autora, ela e outras pessoas sustentarem eles através do Bolsa Família","O pior é q esta gente ta votando aqui/ 1,5 bilhão sendo gasto com imigrantes, que se vc for nos grandes centros estão roubando e cometendo atrocidades, além de serem eleitores de esquerda. Dinheiro que poderia estar sendo usado para melhoria do povo brasileiro / Se fosse decide trabalhar, o governo inventa 400 mil jeitos de te foder, mas se você for vagabundo….ele tira de quem trabalha e dá uma migalha pra você. O PT trabalha para que você não deixe a pobreza",infra,Nordestinos e venezuelanos,animalização,Sim,Notícia política,x,
id_174,25/02/2026,,FranciscoMJr21,2836,Olha aí o que a Internet criou! Dois parasitas que influenciaram milhares de jovens e agora estão assistindo de camarote toda essa patifaria com aumento dos impostos. Pra mim o mais patético é esse Choraozoka nojo 🤮,373,"Post em que o autor chama os streamers Alanzoka e Yoda de parasitas por, segundo ele, influenciarem milhares de jovens a serem esquerdistas","Não gosto desse Alan, é chato, público dele parece tudo burro que não sabe pensar por conta própria / A internet é uma fábrica de entregar diamante a porcos. / Só inúteis estão com o poder da comunicação.",infra,Alanzoka e Yoda,animalização,Sim,Imagem política,x,
id_175,09/03/2026,,dcorrea_13,1232,"Esses 3 imbecis não tem a menos capacidade de atuar numa Série B, deveriam ser mandados embora amanhã mesmo Estão ocupando a folha salarial com esses três vermes quando podíamos estar usando o salário deles para trazer gente melhor!",82,"Post em que o autor chama 3 jogadores do Naútico de vermes imbecis por, segundo ele, não terem capacidade de atuar na segunda divisão do brasileiro","E o verme do Dodô cade? Cara foi o principal responsável ao lado de Hélio da nossa derrota e a porra da torcida passa um pano do caralho pra esse filho da puta/ Pronto, agora o super time só tem bagres ",infra,Jogadores do Naútico,animalização,Sim,Imagem esportiva,x,
id_176,16/03/2026,,Jeferson_meme,87,COMO ESTES VERMES E VASSALOS DA TV LULA #EMPAUTA #JN @GloboNews SÃO ESPECIALISTAS EM GERRA NÉ !!! ( na verdade são apenas MILITANTES do LULA torcendo pelo IRA ! ),1,Publicação em que o autor chama os jornalistas da Globo News de vermes e vassalos de Lula. Também afirma que são apenas militantes torcendo pelo Irã (no conflito com os EUA),,infra,Jornalistas da Globo News,animalização,Sim,Imagem política,x,
id_177,22/03/2026,,CapMILGR4U,10900,"que Deus abençoe e que o pau tore, vamo pra cima desses vermes ",57,"Post em que o autor chama a torcida e o time do Coritiba, do Paraná, de vermes",,infra,Torcida e o time do Coritiba,animalização,Sim,Imagem esportiva,x,
id_178,05/03/2026,,LeoniceMariana1,74700,E o povo aplaudindo ontem que Alcolumbre deixou quebrar o sigilo de Lulinha . Tudo combinado com Dino . Burros somos nós em ter esperança em vermes .,11,"Post em que a autora chama os políticos de vermes, e chama os eleitores de burros por acreditar nesses políticos",Eles jantam juntos e combinam o jogral do dia seguinte.,infra,Políticos e eleitores,animalização,Sim,Notícia política,x,
id_179,07/03/2026,,MachadoDarlon,101100,"URGENTE! Que DEUS o proteja, Ministro! E que também o capacite para LIMPAR o nosso país desses vermes da corrupção! Amém!",19,Post em que o autor chama os políticos de esquerda de vermes da corrupção,Todos cuidado e pouco quando se trata de Máfia sendo Máfia 😎👀🙏🙏🙏🙏🇧🇷🇧🇷🇧🇷🇧🇷,infra,Políticos da esquerda,animalização,Sim,Notícia política,x,
id_180,08/03/2026,,YviCarneiro,24600,Esses vermes estão chegando incrivelmente perto de nós,5000,Post em que a autora chama os EUA de vermes,"Gente no momento que eles os verem como uma organização terrorista tudo que vão fazer é invadir o nosso território,  matar civis, rouba recurso, abusa de mulheres e crianças, tudo menos ir atrás dos lideres dos ""terroristas"" que são todos ricos que nunca serão atingidos / O nepobaby da ditadura está todo excitado, prometendo muitas novidades. Saco cheio destes FDP. / Esse país EUA é uma praga mesmo.",infra,EUA,animalização,Sim,Notícia política,x,
id_181,22/03/2026,,lelezinhamattos,3987,"Sim,ele trouxe com ele em 2018 uma legião de vermes de esgoto tão grande, que agora tá difícil fazer com que vcs voltem pros ralos de onde vcs saíram.",2,"Publicação em que a autora chama os políticos que apoiam Bolsonaro, além dele, de vermes de esgoto",,infra,Bolsonaro e seus aliados políticos,animalização,Sim,Imagem política,x,
id_182,20/03/2026,,LoiraSEP1914,1286,"A laia vagabunda de vcs que presta, né? Vermes",,Post em que a autora chama os partidos de esquerda de vermes,Fakenews detected,infra,Partidos de esquerda,animalização,Sim,Notícia política,x,
id_183,10/03/2026,,ThiasHe66176476,15300,Dois vermes......,125,Post em que a autora chama o ministro do STF Alexandre de Moraes e Antônio Carlos Camilo  de vermes,"Os Vermes estão ofendidos. / 0S VERMES NÃ0 MERECEM ESTA COMPARAÇÃ0, ME DESCULPE...",infra,"Alexandre de Moraes, ministro do STF e Antônio Carlos Camilo",animalização,Sim,Imagem política,x,
id_184,18/03/2026,,maze2216,8199,"Haddad arruinou a economia brasileira a pedido do governo Lula. O objetivo é sufocar o povo, acabar com a já pobre classe média. Tudo bem arquitetado. Enquanto os vermes passeiam com as burras cheias. (""burras"", móveis ou arcas antigas para guardar dinheiro.) BRASILLLLLLLLLLLLLL!",73,Post em que o autor chama os políticos de esquerda do governo de vermes,Caminhoneiros tem que se fuder todos idiotas / Pros imbecis petistas ver aonde está indo o dinheiro dos impostos deles Enquanto isso o painho mandou vocês caminharem pois a gasolina tá 10 Seus imbecis comunistas de merda,infra,Políticos de esquerda,animalização,Sim,Notícia política,x,
id_185,16/06/2025,,Riberio57379971,2532,"O Brasil pagará um alto preço de sangue e vidas, graças á Alta TRAIÇÃO dos generais covardes que cederam sua propagandeada ""honra"" aos chineses e narco políticos,  como o cachaceiro ladrão e sua corja de psicopatas. Nenhum país cai nas mãos desses demônios sem a traição das FFAA.",,Publicação em que o autor chama Lula e seus ministros de demônios,,supra,O presidente Lula e seus ministros,demonização,Sim,Notícia política,x,
id_186,27/02/2026,,MarcosJ35817658,837,Á NARCODITADURA CHAMADA BRASIL É GOVERNADA PELOS PIORES FACÍNORAS GENOCIDAS ASSASSINOS PSICOPATAS ESQUIZOFRÊNICOS LUNÁTICOS LOUCOS LADRÕES MONSTROS DEMÔNIOS TRAVESTIDOS DE POLÍTICOS QUE SE ASSOSSIAM AS FACÇÕES CRIMINOSAS E NÃO FAZEM NADA PRÁ COMBATER A VIOLÊNCIA DESENFREADA,1,"Publicação em que o autor chama os políticos que governam o Brasil de genocidas, assasinos, psicopatas, esquizofrênicos, lunáticos, ladrões, monstros, demônios travestidos de políticos. O autor escreveu isso após a notícia em que uma freira foi morta vítima de estupro no Paraná",,infra e supra,Políticos,animalização e demonização,Sim,Notícia,x,
id_187,04/07/2025,,PaulinhoCostaP1,24300,"LULA, A CÂMARA E O SENADO, estão construindo grande DEMÔNIO. Um MONSTRO!",725,"Post em que o autor diz que Lula, o senado e a câmara estariam criando um demônio, que seria o ministro do STF, Alexandre de Moraes",Todos pombos sujos com rabo de palha / ALEXANDRE REI DO TRÁFICO  E DO LULA / #GANGUE STF INTITUIU O SEMI- PRESIDENCIALISMO NA CANETADA DESTITUIU EXECUTIVO LEGISLATIVO.,supra,Alexandre de Moraes,demonização,Sim,Imagem política,x,
id_188,14/01/2026,,Saray_sandrac,64100,Lula é um Demônio,7,Post em que a autora chama o presidente Lula de demônio por ele celebrar o irã dentro do Brics,,supra,O presidente Lula,demonização,Sim,Notícia política,x,
id_189,26/02/2026,,Saray_sandrac,64100,"Lula é o Demônio 👿 que veio para roubar, matar, mentir e destruir",266,"Post em que a autora trata o presidente Lula como um demônio que veio para roubar, matar e destruir o Brasil",Absurdo / É VERDADE ESSE VAGABUNDO LADRÃO MENTIROSO É O PRÓPRIO SATANÁS / Está repreendido em o nome do Senhor Jesus Cristo.  Amém 🙏,supra,O presidente Lula,demonização,Sim,Notícia política,x,
id_190,22/03/2026,,ValriaMont72680,7157,"Esse sujeitinho verme está no STF para defender os bolsonarista, ridículo escárnio terrivelmente excremento da extrema direita, banco Master Faria Lima está ligado com essa facção até a alma,sem moral o bolsonarismo é uma doença incurável",820,"Publicação em que a autora trata o ministro do STF André Mendonça como um verme, escárnio e excremento da extrema direita",Ainda bem que tem vc que concorda comigo viu .um juiz por mais esperiente que seja ele e sujeito a erros e acertos assim igual a todos nós. Mais este cidadão ai ja é jumentice demais viu .principalmente por ele dizer que é um evangélico ainda .ele nem deveria estar no STF / Esse vagabundo vigarista passador de pano pra bandido / ,infra,André Mendonça,animalização,Sim,Imagem política,x,
id_191,13/03/2025,,SuedEmerick22,1378,"Esse povo da esquerda são literalmente das trevas, não são políticos, são demônios revestidos em carcaças humanas. Liberar espaço para viciados de crack, enquanto deveriam combater essa maldita droga que esta destruindo milhares de famílias.",,Post em que o autor chama os políticos de esquerda de demônios ,,supra,Políticos de esquerda,demonização,Sim,Notícia política,x,
id_192,21/03/2026,,Bacana_EF,40500,"A cara do DEMÔNIO #Moraes !Aff  Cara de valentão , de machão kkkkk Corno manso imundo , você envergonha a classe da Magistratura , você e seus pares ( #Gilmar #Dino #Toffoli ) são CRIMINOSOS , são corruptos , são covardes , aliás , não podem nem andar nas ruas !   kkkkk",32,"Publicação em que o autor chama o ministro do STF Alexandre de Moraes de demônio, corrupto e covarde",Cara de satanista / Patife!,supra,Alexandre de Moraes,demonização,Sim,Imagem política,x,
id_193,30/01/2026,,Mariattlaureano,42000,Congresso podre cheio de ratos ladrões.,28,Post em que a autora chama o congresso de cheio de ratos ladrões,,infra,Congresso Nacional,animalização,Sim,Imagem política,x,
id_194,20/12/2025,,arquivocurioso,131900,Como um grupo de ratos é chamado? Eu começo: Congresso Nacional.,127,"Post em que o autor compara um grupo de ratos com o Congresso Nacional. Na visão do autor, seria a mesma coisa",Todos os políticos./ Partido dos Trabalhadores (PT) / Família Bolsonaro,infra,Congresso Nacional,animalização,Sim,Imagem,x,
id_195,22/03/2026,,xregis61,6099,QUAL DESSES NEOLIBERAIS TEM CARTEIRA ASSINADA?  QUAL DELES FOI PARA A INICIATIVA PRIVADA TRABALHAR ?  SÃO VERDADEIROS PARASITAS ! NÃO VOTEM EM VERMES !  NÃO VOTEM EM BOLSONAROS DE NENHUMA ESPÉCIE.,12,Post em que o autor chama Bolsonaro e sua família de vermes,,infra,Bolsonaro e sua família,animalização,Sim,Imagem política,x,
id_196,27/08/2024,,MachadoDarlon,101100,"Essas pessoas e outras aí são canalhas, hipócritas, inescrupulosos!! São pessoas imundas que se utilizam do dinheiro suado do pagador de impostos sabendo que falta de tudo para os mais pobres, os mais carentes deste país!! Vermes, parasitas que sugam o dinheiro público por meio de uma lei imoral (lei rouanet criado com o objetivo de manter uma militância)!! Mas a hora deles vai chegar!! Existe uma justiça que nunca falha e nunca falhou!! Esses parasitas militantes comunistas são a maior vergonha do Brasil!!",18,"Publicação em que o autor chama artistas de esquerda de canalhas, vermes e parasitas, hipócritas, por defenderem a Amazônia",,infra,Artistas de esquerda,animalização,Sim,Imagem política,x,
id_197,27/12/2024,,PaulinhoCostaP1,24300,"CENTRÃO SÃO UNS MERCENARIOS QUE SÓ QUEREM TIRAR PROVEITO DE TODOS E NÃO CONTRIBUI COM NADA DE POSITIVO PARA O POVO. SÃO  VERMES, PARASITAS.",3,"Publicação em que o autor chama o centrão de mercenários, vermes e parasitas",,infra,Políticos de centro,animalização,Sim,Imagem política,x,
id_198,02/03/2025,,franschuartz13,13600,VERMES PARASITAS!  EDUARDO BOLSONARO CASSADO  EDUARDO BOLSONARO CASSADO,18,Post em que o autor chama Eduardo Bolsonaro de verme e parasita.,,infra,Eduardo Bolsonaro,animalização,Sim,Imagem política,x,
id_199,01/05/2025,,ricnacionalista,79,VERMES...PARASITAS,,"Post em que o autor chama os sindicalistas de esquerda, do irmão de Lula de vermes parasitas após investigação da PF",,infra,Sindicalistas,animalização,Sim,Notícia política,x,
id_200,06/02/2026,,cacotimaotimao,347,"Esse é o MEU AMIGO @FlavioBolsonarofilho do meu amado CAPITÃO PRESIDENTE @jairbolsonaro e futuro PRESIDENTE DO BRASIL,  acabando com os demônios petistas comunistas.",,Post em que o autor chama os petistas de comunistas e demônios,,supra,Eleitores do Partido dos Trabalhadores (PT),demonização,Sim,Imagem política,x,
